TA-00009,1
TA-00011,1
TA-00013,1
TA-00018,1
TA-00020,1
TA-00021,1
TA-00022,1
TA-00023,1
TA-00027,1
TA-00032,1
TA-00037,1
TA-00038,1
TA-00046,1
TA-00047,1
TA-00048,1
TA-00050,1
TA-00055,1
TA-00062,1
TA-00063,1
TA-00064,1
TA-00066,1
TA-00069,1
TA-00073,1
TA-00088,1
TA-00098,1
TA-00101,1
TA-00103,1
TA-00112,1
TA-00124,1
TA-00129,1
TA-00136,1
TA-00143,1
TA-00164,1
TA-00166,1
TA-00168,1
TA-00169,1
TA-00180,1
TA-00187,1
TA-00202,1
TA-00209,1
TA-00211,1
TA-00212,1
TA-00214,1
TA-00215,1
TA-00218,1
TA-00219,1
TA-00221,1
TA-00225,1
TA-00229,1
TA-00238,1
TA-00240,1
TA-00241,1
TA-00243,1
TA-00244,1
TA-00245,1
TA-00246,1
TA-00247,1
TA-00248,1
TA-00254,1
TA-00255,1
TA-00272,1
TA-00281,1
TA-00282,1
TA-00283,1
TA-00285,1
TA-00286,1
TA-00287,1
TA-00288,1
TA-00289,1
TA-00304,1
TA-00306,1
TA-00307,1
TA-00310,1
TA-00324,1
TA-00331,1
TA-00332,1
TA-00348,1
TA-00350,1
TA-00351,1
TA-00352,1
TA-00353,1
TA-00354,1
TA-00356,1
TA-00357,1
TA-00358,1
TA-00365,1
TA-00372,1
TA-00374,1
TA-00376,1
TA-00378,1
TA-00398,1
TA-00399,1
TA-00400,1
TA-00401,1
TA-00402,1
TA-00404,1
TA-00407,1
TA-00410,1
TA-00411,1
TA-00414,1
TA-00416,1
TA-00417,1
TA-00430,1
TA-00431,1
TA-00436,1
TA-00446,1
TA-00450,1
TA-00454,1
TA-00465,1
TA-00466,1
TA-00469,1
TA-00475,1
TA-00484,1
TA-00485,1
TA-00486,1
TA-00504,1
TA-00507,1
TA-00518,1
TA-00519,1
TA-00528,1
TA-00529,1
TA-00534,1
TA-00540,1
TA-00542,1
TA-00543,1
TA-00548,1
TA-00556,1
TA-00563,1
TA-00566,1
TA-00568,1
TA-00571,1
TA-00587,1
TA-00590,1
TA-00596,1
TA-00600,1
TA-00601,1
TA-00602,1
TA-00606,1
TA-00607,1
TA-00612,1
TA-00615,1
TA-00616,1
TA-00618,1
TA-00619,1
TA-00620,1
TA-00624,1
TA-00637,1
TA-00641,1
TA-00642,1
TA-00651,1
TA-00652,1
TA-00657,1
TA-00659,1
TA-00664,1
TA-00665,1
TA-00666,1
TA-00667,1
TA-00668,1
TA-00669,1
TA-00670,1
TA-00671,1
TA-00672,1
TA-00675,1
TA-00692,1
TA-00693,1
TA-00694,1
TA-00702,1
TA-00703,1
TA-00704,1
TA-00707,1
TA-00708,1
TA-00711,1
TA-00714,1
TA-00720,1
TA-00722,1
TA-00729,1
TA-00732,1
TA-00745,1
TA-00746,1
TA-00754,1
TA-00755,1
TA-00765,1
TA-00774,1
TA-00777,1
TA-00791,1
TA-00794,1
TA-00798,1
TA-00799,1
TA-00800,1
TA-00801,1
TA-00802,1
TA-00805,1
TA-00806,1
TA-00807,1
TA-00809,1
TA-00811,1
TA-00816,1
TA-00817,1
TA-00820,1
TA-00823,1
TA-00824,1
TA-00825,1
TA-00827,1
TA-00829,1
TA-00830,1
TA-00837,1
TA-00841,1
TA-00848,1
TA-00849,1
TA-00852,1
TA-00855,1
TA-00856,1
TA-00860,1
TA-00862,1
TA-00867,1
TA-00868,1
TA-00872,1
TA-00883,1
TA-00884,1
TA-00898,1
TA-00899,1
TA-00907,1
TA-00911,1
TA-00912,1
TA-00926,1
TA-00927,1
TA-00931,1
TA-00935,1
TA-00936,1
TA-00938,1
TA-00941,1
TA-00942,1
TA-00953,1
TA-00954,1
TA-00955,1
TA-00956,1
TA-00959,1
TA-00960,1
TA-00961,1
TA-00963,1
TA-00965,1
TA-00968,1
TA-00976,1
TA-00980,1
TA-00986,1
TA-00987,1
TA-01000,1
TA-01003,1
TA-01013,1
TA-01017,1
TA-01018,1
TA-01019,1
TA-01020,1
TA-01025,1
TA-01028,1
TA-01030,1
TA-01031,1
TA-01039,1
TA-01067,1
TA-01082,1
TA-01083,1
TA-01084,1
TA-01085,1
TA-01086,1
TA-01087,1
TA-01091,1
TA-01092,1
TA-01094,1
TA-01095,1
TA-01096,1
TA-01104,1
TA-01106,1
TA-01108,1
TA-01111,1
TA-01112,1
TA-01114,1
TA-01117,1
TA-01120,1
TA-01127,1
TA-01129,1
TA-01131,1
TA-01132,1
TA-01136,1
TA-01137,1
TA-01141,1
TA-01142,1
TA-01153,1
TA-01154,1
TA-01156,1
TA-01158,1
TA-01159,1
TA-01160,1
TA-01161,1
TA-01163,1
TA-01170,1
TA-01194,1
TA-01196,1
TA-01202,1
TA-01204,1
TA-01214,1
TA-01216,1
TA-01228,1
TA-01231,1
TA-01233,1
TA-01234,1
TA-01235,1
TA-01236,1
TA-01252,1
TA-01255,1
TA-01259,1
TA-01261,1
TA-01262,1
TA-01263,1
TA-01264,1
TA-01275,1
TA-01276,1
TA-01277,1
TA-01281,1
TA-01282,1
TA-01289,1
TA-01291,1
TA-01317,1
TA-01318,1
TA-01319,1
TA-01320,1
TA-01321,1
TA-01322,1
TA-01323,1
TA-01327,1
TA-01330,1
TA-01331,1
TA-01333,1
TA-01339,1
TA-01340,1
TA-01341,1
TA-01353,1
TA-01366,1
TA-01367,1
TA-01368,1
TA-01376,1
TA-01381,1
TA-01382,1
TA-01383,1
TA-01384,1
TA-01385,1
TA-01386,1
TA-01387,1
TA-01391,1
TA-01392,1
TA-01394,1
TA-01395,1
TA-01396,1
TA-01409,1
TA-01411,1
TA-01412,1
TA-01415,1
TA-01416,1
TA-01418,1
TA-01419,1
TA-01420,1
TA-01421,1
TA-01422,1
TA-01423,1
TA-01426,1
TA-01430,1
TA-01432,1
TA-01440,1
TA-01448,1
TA-01449,1
TA-01451,1
TA-01453,1
TA-01454,1
TA-01464,1
TA-01465,1
TA-01466,1
TA-01473,1
TA-01474,1
TA-01475,1
TA-01476,1
TA-01477,1
TA-01482,1
TA-01487,1
TA-01489,1
TA-01490,1
TA-01491,1
TA-01492,1
TA-01493,1
TA-01494,1
TA-01495,1
TA-01496,1
TA-01497,1
TA-01520,1
TA-01521,1
TA-01522,1
TA-01523,1
TA-01533,1
TA-01545,1
TA-01546,1
TA-01549,1
TA-01552,1
TA-01553,1
TA-01568,1
TA-01570,1
TA-01582,1
TA-01584,1
TA-01586,1
TA-01590,1
TA-01593,1
TA-01598,1
TA-01602,1
TA-01603,1
TA-01604,1
TA-01607,1
TA-01616,1
TA-01619,1
TA-01620,1
TA-01623,1
TA-01626,1
TA-01627,1
TA-01629,1
TA-01632,1
TA-01633,1
TA-01635,1
TA-01636,1
TA-01637,1
TA-01638,1
TA-01639,1
TA-01640,1
TA-01656,1
TA-01659,1
TA-01660,1
TA-01668,1
TA-01669,1
TA-01672,1
TA-01683,1
TA-01686,1
TA-01687,1
TA-01692,1
TA-01694,1
TA-01695,1
TA-01698,1
TA-01707,1
TA-01709,1
TA-01710,1
TA-01712,1
TA-01713,1
TA-01714,1
TA-01715,1
TA-01716,1
TA-01717,1
TA-01725,1
TA-01726,1
TA-01727,1
TA-01730,1
TA-01731,1
TA-01732,1
TA-01733,1
TA-01734,1
TA-01739,1
TA-01748,1
TA-01749,1
TA-01750,1
TA-01751,1
TA-01756,1
TA-01759,1
TA-01760,1
TA-01772,1
TA-01779,1
TA-01780,1
TA-01782,1
TA-01790,1
TA-01791,1
TA-01792,1
TA-01793,1
TA-01794,1
TA-01795,1
TA-01796,1
TA-01797,1
TA-01800,1
TA-01801,1
TA-01806,1
TA-01813,1
TA-01817,1
TA-01820,1
TA-01824,1
TA-01826,1
TA-01830,1
TA-01835,1
TA-01838,1
TA-01839,1
TA-01840,1
TA-01841,1
TA-01842,1
TA-01843,1
TA-01851,1
TA-01853,1
TA-01861,1
TA-01865,1
TA-01872,1
TA-01873,1
TA-01876,1
TA-01884,1
TA-01893,1
TA-01895,1
TA-01900,1
TA-01918,1
TA-01931,1
TA-01933,1
TA-01934,1
TA-01935,1
TA-01936,1
TA-01940,1
TA-01941,1
TA-01942,1
TA-01945,1
TA-01947,1
TA-01949,1
TA-01952,1
TA-01973,1
TA-01975,1
TA-01980,1
TA-01985,1
TA-01986,1
TA-01990,1
TA-01994,1
TA-02001,1
TA-02003,1
TA-02006,1
TA-02017,1
TA-02018,1
TA-02019,1
TA-02035,1
TA-02036,1
TA-02044,1
TA-02050,1
TA-02051,1
TA-02059,1
TA-02066,1
TA-02068,1
TA-02085,1
TA-02087,1
TA-02089,1
TA-02100,1
TA-02101,1
TA-02104,1
TA-02114,1
TA-02120,1
TA-02121,1
TA-02122,1
TA-02130,1
TA-02131,1
TA-02132,1
TA-02133,1
TA-02134,1
TA-02135,1
TA-02136,1
TA-02137,1
TA-02138,1
TA-02139,1
TA-02140,1
TA-02141,1
TA-02142,1
TA-02143,1
TA-02144,1
TA-02145,1
TA-02146,1
TA-02147,1
TA-02148,1
TA-02149,1
TA-02151,1
TA-02156,1
TA-02164,1
TA-02166,1
TA-02168,1
TA-02175,1
TA-02176,1
TA-02177,1
TA-02178,1
TA-02179,1
TA-02180,1
TA-02181,1
TA-02186,1
TA-02188,1
TA-02189,1
TA-02190,1
TA-02191,1
TA-02192,1
TA-02199,1
TA-02202,1
TA-02206,1
TA-02207,1
TA-02208,1
TA-02213,1
TA-02214,1
TA-02215,1
TA-02216,1
TA-02217,1
TA-02221,1
TA-02223,1
TA-02228,1
TA-02230,1
TA-02232,1
TA-02240,1
TA-02242,1
TA-02252,1
TA-02259,1
TA-02260,1
TA-02262,1
TA-02265,1
TA-02266,1
TA-02272,1
TA-02273,1
TA-02276,1
TA-02279,1
TA-02286,1
TA-02287,1
TA-02288,1
TA-02289,1
TA-02290,1
TA-02291,1
TA-02292,1
TA-02293,1
TA-02294,1
TA-02295,1
TA-02296,1
TA-02297,1
TA-02298,1
TA-02299,1
TA-02300,1
TA-02301,1
TA-02302,1
TA-02304,1
TA-02316,1
TA-02318,1
TA-02322,1
TA-02340,1
TA-02341,1
TA-02342,1
TA-02343,1
TA-02353,1
TA-02390,1
TA-02392,1
TA-02393,1
TA-02394,1
TA-02402,1
TA-02407,1
TA-02413,1
TA-02414,1
TA-02416,1
TA-02427,1
TA-02428,1
TA-02429,1
TA-02430,1
TA-02431,1
TA-02448,1
TA-02459,1
TA-02472,1
TA-02477,1
TA-02478,1
TA-02479,1
TA-02480,1
TA-02481,1
TA-02482,1
TA-02483,1
TA-02484,1
TA-02485,1
TA-02486,1
TA-02490,1
TA-02497,1
TA-02503,1
TA-02514,1
TA-02515,1
TA-02521,1
TA-02524,1
TA-02527,1
TA-02528,1
TA-02529,1
TA-02530,1
TA-02534,1
TA-02535,1
TA-02541,1
TA-02542,1
TA-02545,1
TA-02547,1
TA-02550,1
TA-02552,1
TA-02555,1
TA-02559,1
TA-02562,1
TA-02568,1
TA-02569,1
TA-02570,1
TA-02571,1
TA-02572,1
TA-02573,1
TA-02587,1
TA-02597,1
TA-02600,1
TA-02609,1
TA-02610,1
TA-02613,1
TA-02616,1
TA-02618,1
TA-02619,1
TA-02620,1
TA-02625,1
TA-02626,1
TA-02630,1
TA-02643,1
TA-02644,1
TA-02652,1
TA-02653,1
TA-02654,1
TA-02660,1
TA-02661,1
TA-02662,1
TA-02663,1
TA-02666,1
TA-02667,1
TA-02669,1
TA-02670,1
TA-02672,1
TA-02675,1
TA-02678,1
TA-02693,1
TA-02694,1
TA-02700,1
TA-02701,1
TA-02704,1
TA-02706,1
TA-02716,1
TA-02717,1
TA-02734,1
TA-02737,1
TA-02738,1
TA-02739,1
TA-02740,1
TA-02741,1
TA-02742,1
TA-02743,1
TA-02744,1
TA-02748,1
TA-02749,1
TA-02750,1
TA-02751,1
TA-02758,1
TA-02759,1
TA-02760,1
TA-02773,1
TA-02774,1
TA-02775,1
TA-02777,1
TA-02785,1
TA-02786,1
TA-02790,1
TA-02797,1
TA-02798,1
TA-02819,1
TA-02820,1
TA-02822,1
TA-02826,1
TA-02850,1
TA-02852,1
TA-02854,1
TA-02856,1
TA-02864,1
TA-02865,1
TA-02870,1
TA-02871,1
TA-02872,1
TA-02873,1
TA-02876,1
TA-02877,1
TA-02878,1
TA-02879,1
TA-02880,1
TA-02881,1
TA-02896,1
TA-02906,1
TA-02907,1
TA-02912,1
TA-02924,1
TA-02925,1
TA-02926,1
TA-02927,1
TA-02928,1
TA-02941,1
TA-02942,1
TA-02943,1
TA-02944,1
TA-02945,1
TA-02954,1
TA-02964,1
TA-02965,1
TA-02973,1
TA-02974,1
TA-02975,1
TA-02981,1
TA-02990,1
TA-02991,1
TA-02992,1
TA-02993,1
TA-02994,1
TA-02995,1
TA-02996,1
TA-02997,1
TA-02999,1
TA-03002,1
TA-03003,1
TA-03008,1
TA-03009,1
TA-03022,1
TA-03027,1
TA-03029,1
TA-03046,1
TA-03047,1
TA-03056,1
TA-03068,1
TA-03074,1
TA-03076,1
TA-03078,1
TA-03080,1
TA-03081,1
TA-03086,1
TA-03088,1
TA-03098,1
TA-03104,1
TA-03105,1
TA-03106,1
TA-03107,1
TA-03108,1
TA-03109,1
TA-03110,1
TA-03111,1
TA-03112,1
TA-03113,1
TA-03114,1
TA-03115,1
TA-03116,1
TA-03117,1
TA-03152,1
TA-03157,1
TA-03160,1
TA-03165,1
TA-03166,1
TA-03167,1
TA-03168,1
TA-03171,1
TA-03172,1
TA-03173,1
TA-03174,1
TA-03176,1
TA-03177,1
TA-03178,1
TA-03180,1
TA-03187,1
TA-03190,1
TA-03198,1
TA-03202,1
TA-03203,1
TA-03204,1
TA-03207,1
TA-03208,1
TA-03214,1
TA-03215,1
TA-03216,1
TA-03219,1
TA-03220,1
TA-03221,1
TA-03228,1
TA-03231,1
TA-03232,1
TA-03235,1
TA-03236,1
TA-03237,1
TA-03238,1
TA-03239,1
TA-03241,1
TA-03256,1
TA-03258,1
TA-03265,1
TA-03276,1
TA-03277,1
TA-03278,1
TA-03301,1
TA-03311,1
TA-03315,1
TA-03328,1
TA-03360,1
TA-03361,1
TA-03365,1
TA-03367,1
TA-03369,1
TA-03374,1
TA-03375,1
TA-03377,1
TA-03380,1
TA-03381,1
TA-03385,1
TA-03387,1
TA-03388,1
TA-03399,1
TA-03400,1
TA-03403,1
TA-03413,1
TA-03422,1
TA-03423,1
TA-03463,1
TA-03468,1
TA-03473,1
TA-03474,1
TA-03475,1
TA-03479,1
TA-03480,1
TA-03481,1
TA-03482,1
TA-03487,1
TA-03490,1
TA-03493,1
TA-03505,1
TA-03507,1
TA-03508,1
TA-03518,1
TA-03529,1
TA-03541,1
TA-03543,1
TA-03544,1
TA-03550,1
TA-03551,1
TA-03552,1
TA-03556,1
TA-03557,1
TA-03558,1
TA-03559,1
TA-03560,1
TA-03561,1
TA-03562,1
TA-03563,1
TA-03564,1
TA-03567,1
TA-03568,1
TA-03570,1
TA-03572,1
TA-03573,1
TA-03574,1
TA-03576,1
TA-03577,1
TA-03579,1
TA-03580,1
TA-03593,1
TA-03598,1
TA-03604,1
TA-03605,1
TA-03606,1
TA-03610,1
TA-03612,1
TA-03621,1
TA-03624,1
TA-03626,1
TA-03639,1
TA-03640,1
TA-03642,1
TA-03644,1
TA-03648,1
TA-03649,1
TA-03650,1
TA-03665,1
TA-03669,1
TA-03670,1
TA-03672,1
TA-03673,1
TA-03674,1
TA-03675,1
TA-03684,1
TA-03685,1
TA-03687,1
TA-03688,1
TA-03690,1
TA-03697,1
TA-03698,1
TA-03699,1
TA-03703,1
TA-03704,1
TA-03706,1
TA-03707,1
TA-03713,1
TA-03724,1
TA-03726,1
TA-03734,1
TA-03764,1
TA-03767,1
TA-03770,1
TA-03771,1
TA-03772,1
TA-03774,1
TA-03775,1
TA-03776,1
TA-03778,1
TA-03783,1
TA-03784,1
TA-03785,1
TA-03795,1
TA-03796,1
TA-03797,1
TA-03799,1
TA-03800,1
TA-03803,1
TA-03804,1
TA-03805,1
TA-03807,1
TA-03808,1
TA-03814,1
TA-03815,1
TA-03822,1
TA-03826,1
TA-03827,1
TA-03828,1
TA-03829,1
TA-03830,1
TA-03831,1
TA-03832,1
TA-03834,1
TA-03837,1
TA-03838,1
TA-03843,1
TA-03845,1
TA-03850,1
TA-03853,1
TA-03854,1
TA-03865,1
TA-03866,1
TA-03867,1
TA-03868,1
TA-03869,1
TA-03876,1
TA-03878,1
TA-03880,1
TA-03881,1
TA-03894,1
TA-03895,1
TA-03897,1
TA-03898,1
TA-03899,1
TA-03900,1
TA-03901,1
TA-03902,1
TA-03904,1
TA-03908,1
TA-03911,1
TA-03912,1
TA-03914,1
TA-03915,1
TA-03916,1
TA-03917,1
TA-03934,1
TA-03936,1
TA-03937,1
TA-03938,1
TA-03939,1
TA-03940,1
TA-03941,1
TA-03942,1
TA-03943,1
TA-03944,1
TA-03945,1
TA-03946,1
TA-03947,1
TA-03948,1
TA-03949,1
TA-03950,1
TA-03951,1
TA-03952,1
TA-03953,1
TA-03954,1
TA-03955,1
TA-03956,1
TA-03960,1
TA-03961,1
TA-03962,1
TA-03963,1
TA-03967,1
TA-03968,1
TA-03969,1
TA-03970,1
TA-03971,1
TA-03972,1
TA-03973,1
TA-03974,1
TA-03975,1
TA-03976,1
TA-03977,1
TA-03979,1
TA-03985,1
TA-03986,1
TA-03987,1
TA-03988,1
TA-03989,1
TA-03997,1
TA-04000,1
TA-04002,1
TA-04006,1
TA-04007,1
TA-04008,1
TA-04010,1
TA-04016,1
TA-04017,1
TA-04018,1
TA-04019,1
TA-04028,1
TA-04038,1
TA-04048,1
TA-04052,1
TA-04053,1
TA-04055,1
TA-04056,1
TA-04057,1
TA-04059,1
TA-04060,1
TA-04061,1
TA-04064,1
TA-04068,1
TA-04092,1
TA-04093,1
TA-04094,1
TA-04095,1
TA-04096,1
TA-04097,1
TA-04102,1
TA-04108,1
TA-04149,1
TA-04175,1
TA-04179,1
TA-04180,1
TA-04184,1
TA-04186,1
TA-04189,1
TA-04202,1
TA-04203,1
TA-04209,1
TA-04211,1
TA-04212,1
TA-04213,1
TA-04221,1
TA-04230,1
TA-04231,1
TA-04232,1
TA-04233,1
TA-04234,1
TA-04250,1
TA-04256,1
TA-04257,1
TA-04258,1
TA-04261,1
TA-04266,1
TA-04269,1
TA-04281,1
TA-04291,1
TA-04292,1
TA-04293,1
TA-04294,1
TA-04295,1
TA-04296,1
TA-04297,1
TA-04298,1
TA-04299,1
TA-04300,1
TA-04304,1
TA-04305,1
TA-04306,1
TA-04308,1
TA-04310,1
TA-04311,1
TA-04324,1
TA-04326,1
TA-04333,1
TA-04334,1
TA-04335,1
TA-04336,1
TA-04337,1
TA-04350,1
TA-04352,1
TA-04354,1
TA-04355,1
TA-04357,1
TA-04373,1
TA-04378,1
TA-04383,1
TA-04384,1
TA-04387,1
TA-04390,1
TA-04391,1
TA-04392,1
TA-04393,1
TA-04396,1
TA-04405,1
TA-04406,1
TA-04423,1
TA-04426,1
TA-04427,1
TA-04428,1
TA-04429,1
TA-04440,1
TA-04448,1
TA-04480,1
TA-04482,1
TA-04483,1
TA-04484,1
TA-04485,1
TA-04486,1
TA-04488,1
TA-04489,1
TA-04491,1
TA-04492,1
TA-04493,1
TA-04494,1
TA-04495,1
TA-04497,1
TA-04498,1
TA-04504,1
TA-04509,1
TA-04515,1
TA-04520,1
TA-04528,1
TA-04530,1
TA-04531,1
TA-04532,1
TA-04533,1
TA-04534,1
TA-04535,1
TA-04536,1
TA-04537,1
TA-04538,1
TA-04539,1
TA-04540,1
TA-04545,1
TA-04547,1
TA-04555,1
TA-04578,1
TA-04584,1
TA-04602,1
TA-04605,1
TA-04614,1
TA-04615,1
TA-04616,1
TA-04618,1
TA-04621,1
TA-04623,1
TA-04624,1
TA-04630,1
TA-04639,1
TA-04644,1
TA-04645,1
TA-04668,1
TA-04671,1
TA-04686,1
TA-04706,1
TA-04707,1
TA-04724,1
TA-04727,1
TA-04728,1
TA-04729,1
TA-04732,1
TA-04736,1
TA-04740,1
TA-04758,1
TA-04759,1
TA-04760,1
TA-04764,1
TA-04769,1
TA-04772,1
TA-04780,1
TA-04782,1
TA-04784,1
TA-04787,1
TA-04790,1
TA-04795,1
TA-04796,1
TA-04798,1
TA-04799,1
TA-04801,1
TA-04804,1
TA-04805,1
TA-04806,1
TA-04807,1
TA-04808,1
TA-04809,1
TA-04810,1
TA-04811,1
TA-04812,1
TA-04813,1
TA-04814,1
TA-04815,1
TA-04817,1
TA-04818,1
TA-04819,1
TA-04820,1
TA-04821,1
TA-04822,1
TA-04823,1
TA-04831,1
TA-04833,1
TA-04834,1
TA-04835,1
TA-04841,1
TA-04842,1
TA-04846,1
TA-04847,1
TA-04851,1
TA-04864,1
TA-04865,1
TA-04867,1
TA-04868,1
TA-04869,1
TA-04872,1
TA-04873,1
TA-04880,1
TA-04882,1
TA-04883,1
TA-04884,1
TA-04891,1
TA-04913,1
TA-04914,1
TA-04917,1
TA-04918,1
TA-04920,1
TA-04921,1
TA-04923,1
TA-04924,1
TA-04925,1
TA-04927,1
TA-04928,1
TA-04929,1
TA-04942,1
TA-04951,1
TA-04952,1
TA-04953,1
TA-04958,1
TA-04965,1
TA-04966,1
TA-04974,1
TA-04977,1
TA-04979,1
TA-04987,1
TA-04988,1
TA-05007,1
TA-05008,1
TA-05010,1
TA-05011,1
TA-05015,1
TA-05022,1
TA-05027,1
TA-05029,1
TA-05030,1
TA-05031,1
TA-05032,1
TA-05035,1
TA-05054,1
TA-05055,1
TA-05056,1
TA-05057,1
TA-05066,1
TA-05073,1
TA-05074,1
TA-05075,1
TA-05076,1
TA-05077,1
TA-05078,1
TA-05079,1
TA-05080,1
TA-05081,1
TA-05084,1
TA-05096,1
TA-05097,1
TA-05098,1
TA-05100,1
TA-05101,1
TA-05116,1
TA-05122,1
TA-05124,1
TA-05126,1
TA-05127,1
TA-05128,1
TA-05130,1
TA-05131,1
TA-05134,1
TA-05138,1
TA-05139,1
TA-05140,1
TA-05141,1
TA-05146,1
TA-05158,1
TA-05176,1
TA-05180,1
TA-05181,1
TA-05182,1
TA-05183,1
TA-05190,1
TA-05209,1
TA-05210,1
TA-05213,1
TA-05219,1
TA-05223,1
TA-05225,1
TA-05226,1
TA-05227,1
TA-05229,1
TA-05234,1
TA-05238,1
TA-05239,1
TA-05241,1
TA-05262,1
TA-05263,1
TA-05264,1
TA-05277,1
TA-05283,1
TA-05284,1
TA-05285,1
TA-05286,1
TA-05287,1
TA-05290,1
TA-05295,1
TA-05301,1
TA-05307,1
TA-05310,1
TA-05312,1
TA-05315,1
TA-05317,1
TA-05318,1
TA-05319,1
TA-05321,1
TA-05323,1
TA-05324,1
TA-05325,1
TA-05329,1
TA-05330,1
TA-05331,1
TA-05332,1
TA-05337,1
TA-05338,1
TA-05346,1
TA-05347,1
TA-05350,1
TA-05351,1
TA-05357,1
TA-05361,1
TA-05362,1
TA-05363,1
TA-05381,1
TA-05382,1
TA-05383,1
TA-05384,1
TA-05394,1
TA-05395,1
TA-05396,1
TA-05399,1
TA-05414,1
TA-05417,1
TA-05435,1
TA-05436,1
TA-05440,1
TA-05443,1
TA-05444,1
TA-05445,1
TA-05446,1
TA-05454,1
TA-05461,1
TA-05462,1
TA-05464,1
TA-05468,1
TA-05469,1
TA-05470,1
TA-05472,1
TA-05473,1
TA-05474,1
TA-05475,1
TA-05479,1
TA-05484,1
TA-05486,1
TA-05511,1
TA-05512,1
TA-05513,1
TA-05514,1
TA-05515,1
TA-05516,1
TA-05517,1
TA-05518,1
TA-05519,1
TA-05528,1
TA-05538,1
TA-05539,1
TA-05541,1
TA-05542,1
TA-05543,1
TA-05544,1
TA-05547,1
TA-05548,1
TA-05549,1
TA-05551,1
TA-05552,1
TA-05553,1
TA-05554,1
TA-05555,1
TA-05556,1
TA-05557,1
TA-05558,1
TA-05560,1
TA-05564,1
TA-05565,1
TA-05566,1
TA-05567,1
TA-05568,1
TA-05575,1
TA-05576,1
TA-05578,1
TA-05579,1
TA-05580,1
TA-05581,1
TA-05582,1
TA-05583,1
TA-05584,1
TA-05585,1
TA-05587,1
TA-05588,1
TA-05589,1
TA-05591,1
TA-05592,1
TA-05603,1
TA-05605,1
TA-05611,1
TA-05641,1
TA-05642,1
TA-05645,1
TA-05646,1
TA-05659,1
TA-05661,1
TA-05662,1
TA-05692,1
TA-05694,1
TA-05702,1
TA-05719,1
TA-05721,1
TA-05729,1
TA-05740,1
TA-05741,1
TA-05744,1
TA-05745,1
TA-05750,1
TA-05751,1
TA-05753,1
TA-05754,1
TA-05758,1
TA-05762,1
TA-05763,1
TA-05765,1
TA-05769,1
TA-05770,1
TA-05785,1
TA-05804,1
TA-05806,1
TA-05807,1
TA-05842,1
TA-05843,1
TA-05857,1
TA-05866,1
TA-05879,1
TA-05880,1
TA-05881,1
TA-05882,1
TA-05883,1
TA-05896,1
TA-05897,1
TA-05898,1
TA-05899,1
TA-05900,1
TA-05902,1
TA-05903,1
TA-05919,1
TA-05920,1
TA-05921,1
TA-05922,1
TA-05923,1
TA-05937,1
TA-05939,1
TA-05940,1
TA-05941,1
TA-05943,1
TA-05946,1
TA-05947,1
TA-05949,1
TA-05951,1
TA-05958,1
TA-05960,1
TA-05961,1
TA-05963,1
TA-05964,1
TA-05965,1
TA-05968,1
TA-05982,1
TA-05990,1
TA-05993,1
TA-06009,1
TA-06011,1
TA-06018,1
TA-06025,1
TA-06026,1
TA-06027,1
TA-06028,1
TA-06029,1
TA-06030,1
TA-06031,1
TA-06032,1
TA-06034,1
TA-06047,1
TA-06052,1
TA-06056,1
TA-06057,1
TA-06058,1
TA-06059,1
TA-06061,1
TA-06062,1
TA-06064,1
TA-06065,1
TA-06070,1
TA-06098,1
TA-06099,1
TA-06100,1
TA-06110,1
TA-06111,1
TA-06113,1
TA-06114,1
TA-06131,1
TA-06132,1
TA-06135,1
TA-06136,1
TA-06137,1
TA-06138,1
TA-06139,1
TA-06140,1
TA-06141,1
TA-06142,1
TA-06143,1
TA-06144,1
TA-06145,1
TA-06146,1
TA-06147,1
TA-06148,1
TA-06149,1
TA-06161,1
TA-06165,1
TA-06169,1
TA-06172,1
TA-06173,1
TA-06175,1
TA-06184,1
TA-06190,1
TA-06212,1
TA-06213,1
TA-06214,1
TA-06219,1
TA-06220,1
TA-06222,1
TA-06223,1
TA-06228,1
TA-06229,1
TA-06232,1
TA-06233,1
TA-06234,1
TA-06240,1
TA-06256,1
TA-06264,1
TA-06265,1
TA-06267,1
TA-06269,1
TA-06271,1
TA-06282,1
TA-06303,1
TA-06304,1
TA-06309,1
TA-06348,1
TA-06351,1
TA-06354,1
TA-06356,1
TA-06358,1
TA-06359,1
TA-06373,1
TA-06379,1
TA-06380,1
TA-06414,1
TA-06415,1
TA-06416,1
TA-06418,1
TA-06421,1
TA-06424,1
TA-06425,1
TA-06427,1
TA-06447,1
TA-06448,1
TA-06449,1
TA-06450,1
TA-06459,1
TA-06462,1
TA-06463,1
TA-06466,1
TA-06467,1
TA-06470,1
TA-06471,1
TA-06476,1
TA-06477,1
TA-06478,1
TA-06479,1
TA-06480,1
TA-06481,1
TA-06482,1
TA-06483,1
TA-06484,1
TA-06495,1
TA-06498,1
TA-06501,1
TA-06503,1
TA-06507,1
TA-06510,1
TA-06512,1
TA-06514,1
TA-06515,1
TA-06516,1
TA-06519,1
TA-06529,1
TA-06530,1
TA-06531,1
TA-06534,1
TA-06535,1
TA-06537,1
TA-06539,1
TA-06548,1
TA-06551,1
TA-06563,1
TA-06565,1
TA-06567,1
TA-06570,1
TA-06579,1
TA-06580,1
TA-06581,1
TA-06582,1
TA-06583,1
TA-06584,1
TA-06585,1
TA-06586,1
TA-06587,1
TA-06588,1
TA-06589,1
TA-06590,1
TA-06591,1
TA-06599,1
TA-06603,1
TA-06604,1
TA-06605,1
TA-06606,1
TA-06608,1
TA-06618,1
TA-06620,1
TA-06623,1
TA-06624,1
TA-06625,1
TA-06626,1
TA-06627,1
TA-06635,1
TA-06636,1
TA-06654,1
TA-06662,1
TA-06663,1
TA-06666,1
TA-06667,1
TA-06670,1
TA-06675,1
TA-06691,1
TA-06692,1
TA-06695,1
TA-06717,1
TA-06718,1
TA-06719,1
TA-06729,1
TA-06732,1
TA-06741,1
TA-06742,1
TA-06743,1
TA-06746,1
TA-06750,1
TA-06754,1
TA-06759,1
TA-06764,1
TA-06776,1
TA-06777,1
TA-06778,1
TA-06779,1
TA-06783,1
TA-06785,1
TA-06792,1
TA-06797,1
TA-06799,1
TA-06800,1
TA-06801,1
TA-06802,1
TA-06805,1
TA-06807,1
TA-06837,1
TA-06839,1
TA-06845,1
TA-06846,1
TA-06847,1
TA-06866,1
TA-06872,1
TA-06873,1
TA-06880,1
TA-06881,1
TA-06884,1
TA-06885,1
TA-06890,1
TA-06891,1
TA-06892,1
TA-06894,1
TA-06895,1
TA-06909,1
TA-06918,1
TA-06921,1
TA-06925,1
TA-06929,1
TA-06932,1
TA-06933,1
TA-06943,1
TA-06944,1
TA-06946,1
TA-06947,1
TA-06948,1
TA-06951,1
TA-06954,1
TA-06956,1
TA-06959,1
TA-06970,1
TA-06971,1
TA-06972,1
TA-06975,1
TA-06977,1
TA-06978,1
TA-06979,1
TA-06980,1
TA-06991,1
TA-06993,1
TA-06994,1
TA-06996,1
TA-06997,1
TA-06999,1
TA-07000,1
TA-07012,1
TA-07015,1
TA-07016,1
TA-07027,1
TA-07028,1
TA-07029,1
TA-07030,1
TA-07035,1
TA-07040,1
TA-07041,1
TA-07046,1
TA-07056,1
TA-07057,1
TA-07059,1
TA-07061,1
TA-07062,1
TA-07063,1
TA-07064,1
TA-07067,1
TA-07071,1
TA-07072,1
TA-07078,1
TA-07079,1
TA-07080,1
TA-07085,1
TA-07088,1
TA-07094,1
TA-07097,1
TA-07098,1
TA-07100,1
TA-07106,1
TA-07107,1
TA-07116,1
TA-07117,1
TA-07119,1
TA-07120,1
TA-07122,1
TA-07123,1
TA-07124,1
TA-07130,1
TA-07137,1
TA-07138,1
TA-07141,1
TA-07143,1
TA-07144,1
TA-07161,1
TA-07162,1
TA-07163,1
TA-07165,1
TA-07175,1
TA-07177,1
TA-07183,1
TA-07184,1
TA-07185,1
TA-07186,1
TA-07187,1
TA-07188,1
TA-07189,1
TA-07191,1
TA-07192,1
TA-07211,1
TA-07213,1
TA-07214,1
TA-07227,1
TA-07232,1
TA-07233,1
TA-07235,1
TA-07236,1
TA-07238,1
TA-07241,1
TA-07245,1
TA-07250,1
TA-07251,1
TA-07255,1
TA-07257,1
TA-07258,1
TA-07259,1
TA-07260,1
TA-07261,1
TA-07262,1
TA-07263,1
TA-07273,1
TA-07274,1
TA-07275,1
TA-07276,1
TA-07282,1
TA-07283,1
TA-07284,1
TA-07288,1
TA-07289,1
TA-07290,1
TA-07294,1
TA-07299,1
TA-07301,1
TA-07302,1
TA-07308,1
TA-07309,1
TA-07310,1
TA-07312,1
TA-07314,1
TA-07315,1
TA-07316,1
TA-07317,1
TA-07318,1
TA-07319,1
TA-07320,1
TA-07321,1
TA-07322,1
TA-07323,1
TA-07325,1
TA-07327,1
TA-07333,1
TA-07334,1
TA-07335,1
TA-07344,1
TA-07345,1
TA-07346,1
TA-07347,1
TA-07357,1
TA-07358,1
TA-07359,1
TA-07361,1
TA-07362,1
TA-07365,1
TA-07366,1
TA-07367,1
TA-07368,1
TA-07370,1
TA-07371,1
TA-07372,1
TA-07379,1
TA-07380,1
TA-07381,1
TA-07382,1
TA-07387,1
TA-07388,1
TA-07390,1
TA-07391,1
TA-07392,1
TA-07393,1
TA-07394,1
TA-07395,1
TA-07412,1
TA-07413,1
TA-07429,1
TA-07433,1
TA-07437,1
TA-07438,1
TA-07441,1
TA-07442,1
TA-07443,1
TA-07444,1
TA-07445,1
TA-07446,1
TA-07448,1
TA-07450,1
TA-07451,1
TA-07456,1
TA-07457,1
TA-07458,1
TA-07459,1
TA-07463,1
TA-07464,1
TA-07465,1
TA-07466,1
TA-07470,1
TA-07471,1
TA-07472,1
TA-07473,1
TA-07474,1
TA-07478,1
TA-07479,1
TA-07480,1
TA-07481,1
TA-07482,1
TA-07483,1
TA-07493,1
TA-07500,1
TA-07511,1
TA-07520,1
TA-07537,1
TA-07541,1
TA-07544,1
TA-07545,1
TA-07546,1
TA-07547,1
TA-07548,1
TA-07549,1
TA-07550,1
TA-07551,1
TA-07552,1
TA-07553,1
TA-07554,1
TA-07555,1
TA-07557,1
TA-07564,1
TA-07566,1
TA-07567,1
TA-07568,1
TA-07571,1
TA-07573,1
TA-07575,1
TA-07576,1
TA-07577,1
TA-07578,1
TA-07580,1
TA-07581,1
TA-07582,1
TA-07586,1
TA-07588,1
TA-07589,1
TA-07590,1
TA-07591,1
TA-07592,1
TA-07597,1
TA-07598,1
TA-07599,1
TA-07607,1
TA-07608,1
TA-07609,1
TA-07611,1
TA-07615,1
TA-07616,1
TA-07617,1
TA-07618,1
TA-07620,1
TA-07621,1
TA-07624,1
TA-07625,1
TA-07626,1
TA-07627,1
TA-07628,1
TA-07629,1
TA-07630,1
TA-07633,1
TA-07636,1
TA-07640,1
TA-07643,1
TA-07644,1
TA-07648,1
TA-07649,1
TA-07653,1
TA-07654,1
TA-07656,1
TA-07657,1
TA-07658,1
TA-07659,1
TA-07666,1
TA-07667,1
TA-07668,1
TA-07669,1
TA-07672,1
TA-07673,1
TA-07675,1
TA-07677,1
TA-07678,1
TA-07686,1
TA-07687,1
TA-07688,1
TA-07689,1
TA-07693,1
TA-07694,1
TA-07695,1
TA-07696,1
TA-07698,1
TA-07704,1
TA-07707,1
TA-07708,1
TA-07709,1
TA-07710,1
TA-07714,1
TA-07716,1
TA-07718,1
TA-07720,1
TA-07724,1
TA-07726,1
TA-07727,1
TA-07728,1
TA-07729,1
TA-07730,1
TA-07732,1
TA-07744,1
TA-07745,1
TA-07746,1
TA-07747,1
TA-07748,1
TA-07749,1
TA-07750,1
TA-07751,1
TA-07752,1
TA-07753,1
TA-07754,1
TA-07756,1
TA-07764,1
TA-07765,1
TA-07766,1
TA-07767,1
TA-07775,1
TA-07782,1
TA-07783,1
TA-07784,1
TA-07786,1
TA-07789,1
TA-07790,1
TA-07791,1
TA-07792,1
TA-07793,1
TA-07794,1
TA-07796,1
TA-07804,1
TA-07808,1
TA-07810,1
TA-07811,1
TA-07812,1
TA-07814,1
TA-07815,1
TA-07816,1
TA-07817,1
TA-07818,1
TA-07819,1
TA-07821,1
TA-07822,1
TA-07823,1
TA-07824,1
TA-07825,1
TA-07826,1
TA-07827,1
TA-07828,1
TA-07829,1
TA-07830,1
TA-07833,1
TA-07834,1
TA-07835,1
TA-07836,1
TA-07837,1
TA-07838,1
TA-07839,1
TA-07842,1
TA-07843,1
TA-07844,1
TA-07845,1
TA-07847,1
TA-07849,1
TA-07856,1
TA-07857,1
TA-07872,1
TA-07873,1
TA-07876,1
TA-07880,1
TA-07882,1
TA-07884,1
TA-07889,1
TA-07890,1
TA-07891,1
TA-07896,1
TA-07897,1
TA-07898,1
TA-07899,1
TA-07900,1
TA-07901,1
TA-07902,1
TA-07903,1
TA-07904,1
TA-07905,1
TA-07906,1
TA-07907,1
TA-07908,1
TA-07909,1
TA-07910,1
TA-07911,1
TA-07912,1
TA-07913,1
TA-07914,1
TA-07915,1
TA-07916,1
TA-07917,1
TA-07918,1
TA-07925,1
TA-07926,1
TA-07927,1
TA-07928,1
TA-07929,1
TA-07930,1
TA-07933,1
TA-07934,1
TA-07935,1
TA-07936,1
TA-07937,1
TA-07938,1
TA-07939,1
TA-07940,1
TA-07941,1
TA-07942,1
TA-07943,1
TA-07944,1
TA-07945,1
TA-07946,1
TA-07947,1
TA-07948,1
TA-07949,1
TA-07950,1
TA-07952,1
TA-07953,1
TA-07954,1
TA-07955,1
TA-07956,1
TA-07957,1
TA-07961,1
TA-07962,1
TA-07963,1
TA-07965,1
TA-07966,1
TA-07967,1
TA-07968,1
TA-07971,1
TA-07972,1
TA-07979,1
TA-07989,1
TA-07990,1
TA-08001,1
TA-08002,1
TA-08003,1
TA-08010,1
TA-08036,1
TA-08037,1
TA-08038,1
TA-08045,1
TA-08054,1
TA-08055,1
TA-08056,1
TA-08057,1
TA-08058,1
TA-08060,1
TA-08064,1
TA-08065,1
TA-08069,1
TA-08070,1
TA-08071,1
TA-08086,1
TA-08087,1
TA-08088,1
TA-08091,1
TA-08092,1
TA-08093,1
TA-08094,1
TA-08095,1
TA-08096,1
TA-08099,1
TA-08104,1
TA-08105,1
TA-08106,1
TA-08107,1
TA-08125,1
TA-08127,1
TA-08128,1
TA-08133,1
TA-08134,1
TA-08135,1
TA-08136,1
TA-08137,1
TA-08138,1
TA-08139,1
TA-08140,1
TA-08141,1
TA-08142,1
TA-08143,1
TA-08144,1
TA-08145,1
TA-08146,1
TA-08148,1
TA-08149,1
TA-08150,1
TA-08151,1
TA-08154,1
TA-08155,1
TA-08156,1
TA-08158,1
TA-08166,1
TA-08167,1
TA-08168,1
TA-08175,1
TA-08176,1
TA-08177,1
TA-08178,1
TA-08179,1
TA-08186,1
TA-08187,1
TA-08189,1
TA-08190,1
TA-08200,1
TA-08201,1
TA-08202,1
TA-08206,1
TA-08207,1
TA-08209,1
TA-08211,1
TA-08212,1
TA-08215,1
TA-08227,1
TA-08231,1
TA-08232,1
TA-08233,1
TA-08234,1
TA-08235,1
TA-08236,1
TA-08238,1
TA-08239,1
TA-08241,1
TA-08245,1
TA-08246,1
TA-08247,1
TA-08250,1
TA-08251,1
TA-08253,1
TA-08254,1
TA-08258,1
TA-08259,1
TA-08262,1
TA-08264,1
TA-08266,1
TA-08267,1
TA-08269,1
TA-08273,1
TA-08274,1
TA-08275,1
TA-08276,1
TA-08277,1
TA-08281,1
TA-08285,1
TA-08286,1
TA-08287,1
TA-08298,1
TA-08299,1
TA-08301,1
TA-08302,1
TA-08305,1
TA-08306,1
TA-08307,1
TA-08318,1
TA-08320,1
TA-08321,1
TA-08322,1
TA-08330,1
TA-08331,1
TA-08333,1
TA-08334,1
TA-08345,1
TA-08346,1
TA-08359,1
TA-08360,1
TA-08362,1
TA-08366,1
TA-08372,1
TA-08405,1
TA-08407,1
TA-08408,1
TA-08409,1
TA-08412,1
TA-08413,1
TA-08414,1
TA-08415,1
TA-08416,1
TA-08417,1
TA-08418,1
TA-08419,1
TA-08420,1
TA-08421,1
TA-08423,1
TA-08426,1
TA-08427,1
TA-08428,1
TA-08430,1
TA-08431,1
TA-08442,1
TA-08444,1
TA-08451,1
TA-08452,1
TA-08453,1
TA-08454,1
TA-08455,1
TA-08456,1
TA-08457,1
TA-08458,1
TA-08461,1
TA-08462,1
TA-08463,1
TA-08464,1
TA-08465,1
TA-08466,1
TA-08467,1
TA-08468,1
TA-08469,1
TA-08470,1
TA-08471,1
TA-08472,1
TA-08474,1
TA-08475,1
TA-08503,1
TA-08504,1
TA-08507,1
TA-08518,1
TA-08532,1
TA-08539,1
TA-08541,1
TA-08542,1
TA-08543,1
TA-08544,1
TA-08545,1
TA-08546,1
TA-08583,1
TA-08584,1
TA-08585,1
TA-08586,1
TA-08588,1
TA-08589,1
TA-08590,1
TA-08591,1
TA-08592,1
TA-08593,1
TA-08594,1
TA-08596,1
TA-08597,1
TA-08599,1
TA-08600,1
TA-08603,1
TA-08604,1
TA-08605,1
TA-08613,1
TA-08616,1
TA-08617,1
TA-08620,1
TA-08621,1
TA-08622,1
TA-08623,1
TA-08624,1
TA-08629,1
TA-08630,1
TA-08631,1
TA-08633,1
TA-08634,1
TA-08635,1
TA-08636,1
TA-08638,1
TA-08639,1
TA-08640,1
TA-08641,1
TA-08645,1
TA-08646,1
TA-08647,1
TA-08650,1
TA-08653,1
TA-08658,1
TA-08663,1
TA-08664,1
TA-08681,1
TA-08682,1
TA-08683,1
TA-08684,1
TA-08685,1
TA-08686,1
TA-08700,1
TA-08705,1
TA-08711,1
TA-08714,1
TA-08715,1
TA-08716,1
TA-08717,1
TA-08733,1
TA-08734,1
TA-08736,1
TA-08737,1
TA-08748,1
TA-08749,1
TA-08755,1
TA-08756,1
TA-08758,1
TA-08759,1
TA-08760,1
TA-08761,1
TA-08763,1
TA-08764,1
TA-08765,1
TA-08766,1
TA-08769,1
TA-08770,1
TA-08771,1
TA-08773,1
TA-08774,1
TA-08775,1
TA-08777,1
TA-08784,1
TA-08785,1
TA-08786,1
TA-08788,1
TA-08789,1
TA-08790,1
TA-08796,1
TA-08797,1
TA-08798,1
TA-08799,1
TA-08800,1
TA-08801,1
TA-08808,1
TA-08809,1
TA-08810,1
TA-08811,1
TA-08812,1
TA-08814,1
TA-08815,1
TA-08816,1
TA-08817,1
TA-08820,1
TA-08822,1
TA-08829,1
TA-08831,1
TA-08832,1
TA-08833,1
TA-08834,1
TA-08835,1
TA-08844,1
TA-08845,1
TA-08864,1
TA-08866,1
TA-08867,1
TA-08872,1
TA-08873,1
TA-08874,1
TA-08875,1
TA-08877,1
TA-08878,1
TA-08879,1
TA-08880,1
TA-08881,1
TA-08883,1
TA-08885,1
TA-08887,1
TA-08888,1
TA-08889,1
TA-08890,1
TA-08891,1
TA-08893,1
TA-08894,1
TA-08895,1
TA-08898,1
TA-08899,1
TA-08900,1
TA-08902,1
TA-08903,1
TA-08904,1
TA-08905,1
TA-08908,1
TA-08909,1
TA-08910,1
TA-08911,1
TA-08912,1
TA-08920,1
TA-08922,1
TA-08923,1
TA-08927,1
TA-08928,1
TA-08931,1
TA-08933,1
TA-08935,1
TA-08937,1
TA-08939,1
TA-08940,1
TA-08942,1
TA-08943,1
TA-08945,1
TA-08946,1
TA-08957,1
TA-08958,1
TA-08959,1
TA-08960,1
TA-08966,1
TA-08971,1
TA-08977,1
TA-08978,1
TA-08981,1
TA-08982,1
TA-08984,1
TA-08985,1
TA-08987,1
TA-08988,1
TA-08992,1
TA-08995,1
TA-08996,1
TA-08997,1
TA-08998,1
TA-08999,1
TA-09001,1
TA-09003,1
TA-09005,1
TA-09006,1
TA-09007,1
TA-09008,1
TA-09009,1
TA-09014,1
TA-09015,1
TA-09016,1
TA-09023,1
TA-09024,1
TA-09025,1
TA-09027,1
TA-09028,1
TA-09031,1
TA-09033,1
TA-09035,1
TA-09036,1
TA-09040,1
TA-09041,1
TA-09042,1
TA-09054,1
TA-09055,1
TA-09056,1
TA-09058,1
TA-09062,1
TA-09064,1
TA-09065,1
TA-09067,1
TA-09073,1
TA-09074,1
TA-09075,1
TA-09076,1
TA-09077,1
TA-09078,1
TA-09080,1
TA-09082,1
TA-09083,1
TA-09084,1
TA-09093,1
TA-09094,1
TA-09097,1
TA-09098,1
TA-09099,1
TA-09102,1
TA-09103,1
TA-09104,1
TA-09105,1
TA-09107,1
TA-09108,1
TA-09109,1
TA-09110,1
TA-09111,1
TA-09114,1
TA-09116,1
TA-09127,1
TA-09128,1
TA-09132,1
TA-09138,1
TA-09139,1
TA-09142,1
TA-09143,1
TA-09147,1
TA-09148,1
TA-09149,1
TA-09150,1
TA-09151,1
TA-09152,1
TA-09153,1
TA-09154,1
TA-09157,1
TA-09158,1
TA-09159,1
TA-09160,1
TA-09161,1
TA-09162,1
TA-09164,1
TA-09166,1
TA-09167,1
TA-09168,1
TA-09170,1
TA-09172,1
TA-09174,1
TA-09176,1
TA-09177,1
TA-09178,1
TA-09181,1
TA-09184,1
TA-09185,1
TA-09186,1
TA-09187,1
TA-09188,1
TA-09189,1
TA-09192,1
TA-09193,1
TA-09195,1
TA-09196,1
TA-09197,1
TA-09198,1
TA-09230,1
TA-09233,1
TA-09234,1
TA-09235,1
TA-09236,1
TA-09237,1
TA-09238,1
TA-09240,1
TA-09241,1
TA-09242,1
TA-09243,1
TA-09244,1
TA-09245,1
TA-09246,1
TA-09247,1
TA-09248,1
TA-09249,1
TA-09250,1
TA-09256,1
TA-09257,1
TA-09272,1
TA-09274,1
TA-09275,1
TA-09276,1
TA-09277,1
TA-09278,1
TA-09280,1
TA-09283,1
TA-09284,1
TA-09285,1
TA-09287,1
TA-09288,1
TA-09289,1
TA-09290,1
TA-09291,1
TA-09292,1
TA-09297,1
TA-09306,1
TA-09307,1
TA-09310,1
TA-09312,1
TA-09313,1
TA-09314,1
TA-09327,1
TA-09334,1
TA-09335,1
TA-09342,1
TA-09343,1
TA-09344,1
TA-09345,1
TA-09346,1
TA-09347,1
TA-09348,1
TA-09349,1
TA-09350,1
TA-09351,1
TA-09352,1
TA-09353,1
TA-09354,1
TA-09355,1
TA-09366,1
TA-09372,1
TA-09379,1
TA-09380,1
TA-09381,1
TA-09382,1
TA-09383,1
TA-09384,1
TA-09385,1
TA-09394,1
TA-09395,1
TA-09400,1
TA-09411,1
TA-09412,1
TA-09414,1
TA-09419,1
TA-09420,1
TA-09422,1
TA-09423,1
TA-09424,1
TA-09425,1
TA-09427,1
TA-09428,1
TA-09429,1
TA-09430,1
TA-09434,1
TA-09435,1
TA-09436,1
TA-09437,1
TA-09439,1
TA-09440,1
TA-09451,1
TA-09452,1
TA-09455,1
TA-09456,1
TA-09457,1
TA-09458,1
TA-09459,1
TA-09460,1
TA-09461,1
TA-09464,1
TA-09470,1
TA-09471,1
TA-09476,1
TA-09477,1
TA-09478,1
TA-09479,1
TA-09480,1
TA-09495,1
TA-09498,1
TA-09505,1
TA-09506,1
TA-09507,1
TA-09508,1
TA-09509,1
TA-09510,1
TA-09511,1
TA-09512,1
TA-09513,1
TA-09515,1
TA-09516,1
TA-09517,1
TA-09518,1
TA-09521,1
TA-09522,1
TA-09523,1
TA-09524,1
TA-09528,1
TA-09529,1
TA-09530,1
TA-09531,1
TA-09532,1
TA-09533,1
TA-09534,1
TA-09535,1
TA-09537,1
TA-09538,1
TA-09540,1
TA-09543,1
TA-09544,1
TA-09545,1
TA-09546,1
TA-09547,1
TA-09548,1
TA-09549,1
TA-09551,1
TA-09552,1
TA-09553,1
TA-09554,1
TA-09555,1
TA-09556,1
TA-09557,1
TA-09558,1
TA-09559,1
TA-09560,1
TA-09561,1
TA-09562,1
TA-09563,1
TA-09564,1
TA-09565,1
TA-09566,1
TA-09567,1
TA-09568,1
TA-09571,1
TA-09572,1
TA-09573,1
TA-09574,1
TA-09576,1
TA-09577,1
TA-09578,1
TA-09579,1
TA-09591,1
TA-09592,1
TA-09603,1
TA-09604,1
TA-09605,1
TA-09606,1
TA-09607,1
TA-09608,1
TA-09609,1
TA-09612,1
TA-09613,1
TA-09614,1
TA-09615,1
TA-09616,1
TA-09617,1
TA-09618,1
TA-09619,1
TA-09620,1
TA-09621,1
TA-09622,1
TA-09623,1
TA-09624,1
TA-09625,1
TA-09626,1
TA-09627,1
TA-09628,1
TA-09629,1
TA-09630,1
TA-09631,1
TA-09632,1
TA-09633,1
TA-09634,1
TA-09635,1
TA-09639,1
TA-09640,1
TA-09645,1
TA-09646,1
TA-09649,1
TA-09650,1
TA-09651,1
TA-09653,1
TA-09654,1
TA-09655,1
TA-09661,1
TA-09662,1
TA-09663,1
TA-09665,1
TA-09670,1
TA-09671,1
TA-09672,1
TA-09673,1
TA-09676,1
TA-09677,1
TA-09678,1
TA-09679,1
TA-09681,1
TA-09682,1
TA-09683,1
TA-09684,1
TA-09685,1
TA-09686,1
TA-09687,1
TA-09688,1
TA-09691,1
TA-09692,1
TA-09693,1
TA-09694,1
TA-09695,1
TA-09704,1
TA-09707,1
TA-09708,1
TA-09709,1
TA-09711,1
TA-09712,1
TA-09713,1
TA-09723,1
TA-09724,1
TA-09725,1
TA-09727,1
TA-09732,1
TA-09733,1
TA-09734,1
TA-09735,1
TA-09736,1
TA-09737,1
TA-09738,1
TA-09739,1
TA-09740,1
TA-09741,1
TA-09744,1
TA-09745,1
TA-09747,1
TA-09748,1
TA-09749,1
TA-09750,1
TA-09751,1
TA-09752,1
TA-09753,1
TA-09754,1
TA-09755,1
TA-09756,1
TA-09757,1
TA-09758,1
TA-09759,1
TA-09760,1
TA-09761,1
TA-09762,1
TA-09766,1
TA-09767,1
TA-09768,1
TA-09771,1
TA-09774,1
TA-09775,1
TA-09776,1
TA-09780,1
TA-09781,1
TA-09783,1
TA-09784,1
TA-09785,1
TA-09786,1
TA-09787,1
TA-09788,1
TA-09795,1
TA-09801,1
TA-09803,1
TA-09805,1
TA-09806,1
TA-09807,1
TA-09808,1
TA-09810,1
TA-09811,1
TA-09812,1
TA-09813,1
TA-09814,1
TA-09815,1
TA-09816,1
TA-09817,1
TA-09822,1
TA-09823,1
TA-09824,1
TA-09825,1
TA-09826,1
TA-09827,1
TA-09828,1
TA-09829,1
TA-09830,1
TA-09831,1
TA-09835,1
TA-09836,1
TA-09837,1
TA-09838,1
TA-09839,1
TA-09841,1
TA-09846,1
TA-09847,1
TA-09848,1
TA-09849,1
TA-09850,1
TA-09851,1
TA-09854,1
TA-09862,1
TA-09863,1
TA-09864,1
TA-09865,1
TA-09866,1
TA-09867,1
TA-09868,1
TA-09869,1
TA-09870,1
TA-09871,1
TA-09877,1
TA-09878,1
TA-09879,1
TA-09880,1
TA-09881,1
TA-09882,1
TA-09883,1
TA-09885,1
TA-09886,1
TA-09887,1
TA-09889,1
TA-09890,1
TA-09891,1
TA-09892,1
TA-09893,1
TA-09895,1
TA-09896,1
TA-09897,1
TA-09898,1
TA-09899,1
TA-09903,1
TA-09907,1
TA-09908,1
TA-09909,1
TA-09910,1
TA-09911,1
TA-09912,1
TA-09916,1
TA-09917,1
TA-09918,1
TA-09919,1
TA-09920,1
TA-09921,1
TA-09922,1
TA-09924,1
TA-09927,1
TA-09928,1
TA-09929,1
TA-09930,1
TA-09931,1
TA-09932,1
TA-09933,1
TA-09934,1
TA-09935,1
TA-09936,1
TA-09937,1
TA-09938,1
TA-09943,1
TA-09944,1
TA-09945,1
TA-09946,1
TA-09949,1
TA-09951,1
TA-09955,1
TA-09956,1
TA-09957,1
TA-09958,1
TA-09959,1
TA-09962,1
TA-09963,1
TA-09965,1
TA-09966,1
TA-09967,1
TA-09968,1
TA-09969,1
TA-09973,1
TA-09974,1
TA-09975,1
TA-09977,1
TA-09978,1
TA-09979,1
TA-09980,1
TA-09981,1
TA-09982,1
TA-09990,1
TA-09991,1
TA-09992,1
TA-09993,1
TA-09994,1
TA-09995,1
TA-10009,1
TA-10010,1
TA-10013,1
TA-10014,1
TA-10015,1
TA-10016,1
TA-10017,1
TA-10018,1
TA-10019,1
TA-10020,1
TA-10023,1
TA-10024,1
TA-10025,1
TA-10027,1
TA-10028,1
TA-10029,1
TA-10032,1
TA-10033,1
TA-10034,1
TA-10035,1
TA-10037,1
TA-10039,1
TA-10058,1
TA-10059,1
TA-10062,1
TA-10063,1
TA-10065,1
TA-10066,1
TA-10067,1
TA-10068,1
TA-10069,1
TA-10070,1
TA-10071,1
TA-10072,1
TA-10073,1
TA-10074,1
TA-10075,1
TA-10076,1
TA-10077,1
TA-10078,1
TA-10079,1
TA-10080,1
TA-10081,1
TA-10082,1
TA-10085,1
TA-10086,1
TA-10087,1
TA-10088,1
TA-10089,1
TA-10090,1
TA-10091,1
TA-10092,1
TA-10093,1
TA-10094,1
TA-10095,1
TA-10096,1
TA-10097,1
TA-10098,1
TA-10099,1
TA-10100,1
TA-10101,1
TA-10102,1
TA-10103,1
TA-10104,1
TA-10105,1
TA-10106,1
TA-10107,1
TA-10108,1
TA-10109,1
TA-10114,1
TA-10115,1
TA-10116,1
TA-10117,1
TA-10119,1
TA-10120,1
TA-10121,1
TA-10122,1
TA-10123,1
TA-10126,1
TA-10127,1
TA-10138,1
TA-10140,1
TA-10141,1
TA-10142,1
TA-10143,1
TA-10144,1
TA-10145,1
TA-10146,1
TA-10147,1
TA-10148,1
TA-10150,1
TA-10151,1
TA-10152,1
TA-10153,1
TA-10154,1
TA-10155,1
TA-10156,1
TA-10157,1
TA-10158,1
TA-10159,1
TA-10160,1
TA-10161,1
TA-10163,1
TA-10164,1
TA-10165,1
TA-10166,1
TA-10167,1
TA-10168,1
TA-10173,1
TA-10174,1
TA-10175,1
TA-10176,1
TA-10178,1
TA-10180,1
TA-10183,1
TA-10185,1
TA-10188,1
TA-10189,1
TA-10192,1
TA-10202,1
TA-10203,1
TA-10204,1
TA-10205,1
TA-10206,1
TA-10208,1
TA-10209,1
TA-10210,1
TA-10211,1
TA-10212,1
TA-10216,1
TA-10217,1
TA-10218,1
TA-10219,1
TA-10222,1
TA-10223,1
TA-10224,1
TA-10225,1
TA-10226,1
TA-10227,1
TA-10228,1
TA-10229,1
TA-10230,1
TA-10231,1
TA-10232,1
TA-10234,1
TA-10238,1
TA-10239,1
TA-10241,1
TA-10242,1
TA-10245,1
TA-10247,1
TA-10248,1
TA-10249,1
TA-10250,1
TA-10253,1
TA-10254,1
TA-10255,1
TA-10259,1
TA-10260,1
TA-10261,1
TA-10262,1
TA-10263,1
TA-10264,1
TA-10265,1
TA-10266,1
TA-10267,1
TA-10270,1
TA-10271,1
TA-10272,1
TA-10273,1
TA-10276,1
TA-10278,1
TA-10279,1
TA-10280,1
TA-10281,1
TA-10282,1
TA-10283,1
TA-10285,1
TA-10286,1
TA-10288,1
TA-10289,1
TA-10294,1
TA-10295,1
TA-10300,1
TA-10301,1
TA-10303,1
TA-10304,1
TA-10305,1
TA-10306,1
TA-10307,1
TA-10308,1
TA-10309,1
TA-10320,1
TA-10321,1
TA-10322,1
TA-10325,1
TA-10330,1
TA-10331,1
TA-10332,1
TA-10333,1
TA-10334,1
TA-10335,1
TA-10336,1
TA-10339,1
TA-10340,1
TA-10341,1
TA-10343,1
TA-10344,1
TA-10348,1
TA-10349,1
TA-10350,1
TA-10351,1
TA-10353,1
TA-10354,1
TA-10355,1
TA-10356,1
TA-10357,1
TA-10359,1
TA-10360,1
TA-10361,1
TA-10366,1
TA-10367,1
TA-10371,1
TA-10372,1
TA-10376,1
TA-10378,1
TA-10379,1
TA-10380,1
TA-10381,1
TA-10382,1
TA-10383,1
TA-10384,1
TA-10386,1
TA-10388,1
TA-10390,1
TA-10391,1
TA-10392,1
TA-10393,1
TA-10394,1
TA-10395,1
TA-10396,1
TA-10397,1
TA-10399,1
TA-10400,1
TA-10405,1
TA-10406,1
TA-10407,1
TA-10408,1
TA-10409,1
TA-10410,1
TA-10411,1
TA-10412,1
TA-10413,1
TA-10414,1
TA-10415,1
TA-10416,1
TA-10417,1
TA-10418,1
TA-10420,1
TA-10421,1
TA-10425,1
TA-10429,1
TA-10430,1
TA-10431,1
TA-10432,1
TA-10433,1
TA-10434,1
TA-10435,1
TA-10436,1
TA-10437,1
TA-10438,1
TA-10449,1
TA-10452,1
TA-10453,1
TA-10454,1
TA-10455,1
TA-10456,1
TA-10457,1
TA-10459,1
TA-10461,1
TA-10462,1
TA-10463,1
TA-10464,1
TA-10465,1
TA-10466,1
TA-10469,1
TA-10470,1
TA-10472,1
TA-10473,1
TA-10474,1
TA-10477,1
TA-10478,1
TA-10479,1
TA-10486,1
TA-10487,1
TA-10489,1
TA-10490,1
TA-10491,1
TA-10507,1
TA-10508,1
TA-10509,1
TA-10510,1
TA-10511,1
TA-10512,1
TA-10513,1
TA-10514,1
TA-10515,1
TA-10516,1
TA-10517,1
TA-10536,1
TA-10537,1
TA-10538,1
TA-10539,1
TA-10543,1
TA-10544,1
TA-10545,1
TA-10549,1
TA-10550,1
TA-10557,1
TA-10558,1
TA-10560,1
TA-10561,1
TA-10562,1
TA-10563,1
TA-10564,1
TA-10565,1
TA-10568,1
TA-10569,1
TA-10570,1
TA-10571,1
TA-10572,1
TA-10576,1
TA-10577,1
TA-10578,1
TA-10579,1
TA-10580,1
TA-10581,1
TA-10582,1
TA-10583,1
TA-10585,1
TA-10586,1
TA-10587,1
TA-10589,1
TA-10590,1
TA-10591,1
TA-10592,1
TA-10593,1
TA-10594,1
TA-10595,1
TA-10596,1
TA-10598,1
TA-10599,1
TA-10600,1
TA-10601,1
TA-10614,1
TA-10615,1
TA-10616,1
TA-10617,1
TA-10618,1
TA-10621,1
TA-10622,1
TA-10624,1
TA-10631,1
TA-10632,1
TA-10633,1
TA-10634,1
TA-10636,1
TA-10637,1
TA-10642,1
TA-10643,1
TA-10691,1
TA-10692,1
TA-10693,1
TA-10704,1
TA-10705,1
TA-10706,1
TA-10709,1
TA-10710,1
TA-10711,1
TA-10712,1
TA-10713,1
TA-10714,1
TA-10735,1
TA-10739,1
TA-10740,1
TA-10741,1
TA-10742,1
TA-10743,1
TA-10745,1
TA-10746,1
TA-10747,1
TA-10749,1
TA-10750,1
TA-10752,1
TA-10753,1
TA-10755,1
TA-10756,1
TA-10757,1
TA-10758,1
TA-10759,1
TA-10763,1
TA-10768,1
TA-10769,1
TA-10770,1
TA-10771,1
TA-10772,1
TA-10785,1
TA-10814,1
TA-10833,1
TA-10839,1
TA-10846,1
TA-10848,1
TA-10849,1
TA-10854,1
TA-10855,1
TA-10859,1
TA-10860,1
TA-10863,1
TA-10866,1
TA-10869,1
TA-10885,1
TA-10886,1
TA-10887,1
TA-10892,1
TA-10893,1
TA-10895,1
TA-10897,1
TA-10993,1
TA-10996,1
TA-11005,1
TA-11008,1
TA-11010,1
TA-11012,1
TA-11016,1
TA-11021,1
TA-11022,1
TA-11023,1
TA-11026,1
TA-11027,1
TA-11036,1
TA-11038,1
TA-11039,1
TA-11042,1
TA-11043,1
TA-11049,1
TA-11050,1
TA-11059,1
TA-11061,1
TA-11064,1
TA-11065,1
TA-11077,1
TA-11078,1
TA-11079,1
TA-11080,1
TA-11081,1
TA-11082,1
TA-11091,1
TA-11092,1
TA-11093,1
TA-11094,1
TA-11095,1
TA-11096,1
TA-11097,1
TA-11098,1
TA-11099,1
TA-11100,1
TA-11102,1
TA-11103,1
TA-11105,1
TA-11106,1
TA-11107,1
TA-11108,1
TA-11114,1
TA-11115,1
TA-11116,1
TA-11117,1
TA-11122,1
TA-11123,1
TA-11124,1
TA-11125,1
TA-11126,1
TA-11127,1
TA-11128,1
TA-11129,1
TA-11130,1
TA-11135,1
TA-11136,1
TA-11149,1
TA-11150,1
TA-11151,1
TA-11155,1
TA-11158,1
TA-11159,1
TA-11160,1
TA-11161,1
TA-11162,1
TA-11163,1
TA-11164,1
TA-11165,1
TA-11166,1
TA-11167,1
TA-11168,1
TA-11171,1
TA-11172,1
TA-11173,1
TA-11174,1
TA-11175,1
TA-11176,1
TA-11177,1
TA-11178,1
TA-11179,1
TA-11181,1
TA-11182,1
TA-11183,1
TA-11184,1
TA-11185,1
TA-11186,1
TA-11187,1
TA-11189,1
TA-11190,1
TA-11191,1
TA-11194,1
TA-11195,1
TA-11201,1
TA-11202,1
TA-11203,1
TA-11204,1
TA-11205,1
TA-11207,1
TA-11208,1
TA-11209,1
TA-11210,1
TA-11211,1
TA-11212,1
TA-11213,1
TA-11218,1
TA-11219,1
TA-11221,1
TA-11228,1
TA-11230,1
TA-11231,1
TA-11232,1
TA-11233,1
TA-11234,1
TA-11239,1
TA-11240,1
TA-11241,1
TA-11242,1
TA-11243,1
TA-11244,1
TA-11245,1
TA-11246,1
TA-11247,1
TA-11250,1
TA-11252,1
TA-11253,1
TA-11254,1
TA-11256,1
TA-11257,1
TA-11258,1
TA-11259,1
TA-11260,1
TA-11261,1
TA-11262,1
TA-11263,1
TA-11264,1
TA-11265,1
TA-11268,1
TA-11274,1
TA-11275,1
TA-11276,1
TA-11277,1
TA-11286,1
TA-11287,1
TA-11288,1
TA-11289,1
TA-11290,1
TA-11294,1
TA-11296,1
TA-11300,1
TA-11301,1
TA-11302,1
TA-11303,1
TA-11306,1
TA-11310,1
TA-11312,1
TA-11313,1
TA-11315,1
TA-11316,1
TA-11321,1
TA-11322,1
TA-11323,1
TA-11328,1
TA-11329,1
TA-11331,1
TA-11332,1
TA-11333,1
TA-11334,1
TA-11336,1
TA-11337,1
TA-11339,1
TA-11340,1
TA-11341,1
TA-11342,1
TA-11351,1
TA-11352,1
TA-11353,1
TA-11355,1
TA-11356,1
TA-11361,1
TA-11362,1
TA-11363,1
TA-11364,1
TA-11365,1
TA-11367,1
TA-11368,1
TA-11369,1
TA-11370,1
TA-11373,1
TA-11374,1
TA-11375,1
TA-11376,1
TA-11378,1
TA-11380,1
TA-11381,1
TA-11382,1
TA-11386,1
TA-11391,1
TA-11392,1
TA-11393,1
TA-11394,1
TA-11395,1
TA-11396,1
TA-11397,1
TA-11398,1
TA-11403,1
TA-11404,1
TA-11405,1
TA-11407,1
TA-11409,1
TA-11410,1
TA-11411,1
TA-11412,1
TA-11420,1
TA-11421,1
TA-11422,1
TA-11423,1
TA-11424,1
TA-11425,1
TA-11426,1
TA-11427,1
TA-11428,1
TA-11432,1
TA-11433,1
TA-11434,1
TA-11435,1
TA-11436,1
TA-11437,1
TA-11438,1
TA-11439,1
TA-11443,1
TA-11444,1
TA-11445,1
TA-11446,1
TA-11447,1
TA-11448,1
TA-11449,1
TA-11450,1
TA-11451,1
TA-11452,1
TA-11453,1
TA-11454,1
TA-11455,1
TA-11456,1
TA-11457,1
TA-11458,1
TA-11460,1
TA-11461,1
TA-11469,1
TA-11470,1
TA-11472,1
TA-11473,1
TA-11475,1
TA-11476,1
TA-11477,1
TA-11479,1
TA-11480,1
TA-11481,1
TA-11482,1
TA-11483,1
TA-11484,1
TA-11490,1
TA-11491,1
TA-11515,1
TA-11519,1
TA-11520,1
TA-11530,1
TA-11534,1
TA-11535,1
TA-11536,1
TA-11537,1
TA-11538,1
TA-11539,1
TA-11540,1
TA-11541,1
TA-11542,1
TA-11543,1
TA-11544,1
TA-11547,1
TA-11548,1
TA-11549,1
TA-11555,1
TA-11556,1
TA-11557,1
TA-11561,1
TA-11562,1
TA-11563,1
TA-11568,1
TA-11570,1
TA-11576,1
TA-11577,1
TA-11578,1
TA-11581,1
TA-11582,1
TA-11587,1
TA-11592,1
TA-11593,1
TA-11594,1
TA-11595,1
TA-11599,1
TA-11601,1
TA-11604,1
TA-11609,1
TA-11610,1
TA-11612,1
TA-11614,1
TA-11617,1
TA-11618,1
TA-11619,1
TA-11620,1
TA-11621,1
TA-11622,1
TA-11623,1
TA-11624,1
TA-11627,1
TA-11628,1
TA-11629,1
TA-11631,1
TA-11632,1
TA-11633,1
TA-11635,1
TA-11637,1
TA-11638,1
TA-11643,1
TA-11646,1
TA-11647,1
TA-11650,1
TA-11651,1
TA-11664,1
TA-11671,1
TA-11672,1
TA-11673,1
TA-11674,1
TA-11675,1
TA-11676,1
TA-11680,1
TA-11681,1
TA-11682,1
TA-11683,1
TA-11684,1
TA-11685,1
TA-11686,1
TA-11687,1
TA-11688,1
TA-11690,1
TA-11691,1
TA-11692,1
TA-11693,1
TA-11698,1
TA-11699,1
TA-11700,1
TA-11704,1
TA-11705,1
TA-11706,1
TA-11707,1
TA-11708,1
TA-11711,1
TA-11712,1
TA-11713,1
TA-11714,1
TA-11718,1
TA-11724,1
TA-11730,1
TA-11732,1
TA-11735,1
TA-11736,1
TA-11739,1
TA-11740,1
TA-11745,1
TA-11746,1
TA-11747,1
TA-11748,1
TA-11749,1
TA-11757,1
TA-11758,1
TA-11763,1
TA-11765,1
TA-11766,1
TA-11767,1
TA-11768,1
TA-11769,1
TA-11771,1
TA-11772,1
TA-11773,1
TA-11774,1
TA-11777,1
TA-11778,1
TA-11792,1
TA-11795,1
TA-11796,1
TA-11803,1
TA-11804,1
TA-11807,1
TA-11809,1
TA-11811,1
TA-11812,1
TA-11813,1
TA-11814,1
TA-11815,1
TA-11816,1
TA-11817,1
TA-11818,1
TA-11819,1
TA-11820,1
TA-11825,1
TA-11826,1
TA-11827,1
TA-11828,1
TA-11829,1
TA-11830,1
TA-11831,1
TA-11832,1
TA-11833,1
TA-11834,1
TA-11835,1
TA-11836,1
TA-11839,1
TA-11840,1
TA-11841,1
TA-11842,1
TA-11843,1
TA-11845,1
TA-11846,1
TA-11850,1
TA-11853,1
TA-11854,1
TA-11855,1
TA-11856,1
TA-11857,1
TA-11863,1
TA-11865,1
TA-11866,1
TA-11875,1
TA-11876,1
TA-11877,1
TA-11878,1
TA-11879,1
TA-11880,1
TA-11881,1
TA-11888,1
TA-11896,1
TA-11897,1
TA-11898,1
TA-11903,1
TA-11904,1
TA-11905,1
TA-11910,1
TA-11915,1
TA-11919,1
TA-11926,1
TA-11927,1
TA-11928,1
TA-11929,1
TA-11930,1
TA-11931,1
TA-11932,1
TA-11938,1
TA-11939,1
TA-11953,1
TA-11954,1
TA-11955,1
TA-11956,1
TA-11961,1
TA-11962,1
TA-11963,1
TA-11964,1
TA-11966,1
TA-11967,1
TA-11968,1
TA-11969,1
TA-11970,1
TA-11971,1
TA-11972,1
TA-11975,1
TA-11976,1
TA-11979,1
TA-11980,1
TA-11981,1
TA-11982,1
TA-11984,1
TA-11985,1
TA-11988,1
TA-11989,1
TA-11990,1
TA-11994,1
TA-11995,1
TA-11996,1
TA-11998,1
TA-11999,1
TA-12002,1
TA-12003,1
TA-12004,1
TA-12005,1
TA-12006,1
TA-12007,1
TA-12008,1
TA-12010,1
TA-12011,1
TA-12012,1
TA-12013,1
TA-12014,1
TA-12015,1
TA-12016,1
TA-12017,1
TA-12019,1
TA-12025,1
TA-12026,1
TA-12027,1
TA-12028,1
TA-12031,1
TA-12033,1
TA-12034,1
TA-12035,1
TA-12040,1
TA-12041,1
TA-12043,1
TA-12045,1
TA-12050,1
TA-12052,1
TA-12056,1
TA-12057,1
TA-12058,1
TA-12059,1
TA-12066,1
TA-12067,1
TA-12068,1
TA-12069,1
TA-12070,1
TA-12071,1
TA-12072,1
TA-12073,1
TA-12074,1
TA-12076,1
TA-12078,1
TA-12087,1
TA-12097,1
TA-12098,1
TA-12099,1
TA-12108,1
TA-12109,1
TA-12110,1
TA-12111,1
TA-12112,1
TA-12113,1
TA-12114,1
TA-12116,1
TA-12117,1
TA-12118,1
TA-12119,1
TA-12120,1
TA-12121,1
TA-12122,1
TA-12123,1
TA-12128,1
TA-12129,1
TA-12130,1
TA-12131,1
TA-12132,1
TA-12133,1
TA-12134,1
TA-12135,1
TA-12136,1
TA-12137,1
TA-12138,1
TA-12139,1
TA-12140,1
TA-12141,1
TA-12142,1
TA-12143,1
TA-12144,1
TA-12147,1
TA-12148,1
TA-12149,1
TA-12152,1
TA-12153,1
TA-12154,1
TA-12159,1
TA-12160,1
TA-12161,1
TA-12162,1
TA-12163,1
TA-12164,1
TA-12166,1
TA-12169,1
TA-12172,1
TA-12173,1
TA-12174,1
TA-12175,1
TA-12176,1
TA-12177,1
TA-12178,1
TA-12180,1
TA-12181,1
TA-12182,1
TA-12184,1
TA-12185,1
TA-12186,1
TA-12188,1
TA-12194,1
TA-12196,1
TA-12198,1
TA-12199,1
TA-12200,1
TA-12201,1
TA-12202,1
TA-12203,1
TA-12205,1
TA-12206,1
TA-12207,1
TA-12208,1
TA-12209,1
TA-12210,1
TA-12211,1
TA-12212,1
TA-12213,1
TA-12214,1
TA-12215,1
TA-12216,1
TA-12217,1
TA-12218,1
TA-12219,1
TA-12221,1
TA-12223,1
TA-12224,1
TA-12225,1
TA-12226,1
TA-12227,1
TA-12228,1
TA-12229,1
TA-12230,1
TA-12231,1
TA-12232,1
TA-12234,1
TA-12235,1
TA-12236,1
TA-12237,1
TA-12239,1
TA-12240,1
TA-12241,1
TA-12242,1
TA-12244,1
TA-12246,1
TA-12247,1
TA-12248,1
TA-12249,1
TA-12250,1
TA-12251,1
TA-12252,1
TA-12253,1
TA-12255,1
TA-12260,1
TA-12261,1
TA-12262,1
TA-12263,1
TA-12264,1
TA-12265,1
TA-12269,1
TA-12276,1
TA-12277,1
TA-12278,1
TA-12279,1
TA-12280,1
TA-12285,1
TA-12286,1
TA-12287,1
TA-12288,1
TA-12293,1
TA-12296,1
TA-12297,1
TA-12298,1
TA-12304,1
TA-12310,1
TA-12312,1
TA-12313,1
TA-12314,1
TA-12315,1
TA-12320,1
TA-12321,1
TA-12322,1
TA-12323,1
TA-12324,1
TA-12325,1
TA-12326,1
TA-12328,1
TA-12329,1
TA-12330,1
TA-12331,1
TA-12332,1
TA-12333,1
TA-12334,1
TA-12335,1
TA-12336,1
TA-12338,1
TA-12341,1
TA-12344,1
TA-12345,1
TA-12346,1
TA-12347,1
TA-12348,1
TA-12349,1
TA-12350,1
TA-12351,1
TA-12352,1
TA-12353,1
TA-12354,1
TA-12355,1
TA-12356,1
TA-12357,1
TA-12358,1
TA-12359,1
TA-12360,1
TA-12361,1
TA-12362,1
TA-12363,1
TA-12364,1
TA-12365,1
TA-12370,1
TA-12376,1
TA-12382,1
TA-12383,1
TA-12384,1
TA-12387,1
TA-12393,1
TA-12394,1
TA-12395,1
TA-12396,1
TA-12397,1
TA-12398,1
TA-12399,1
TA-12400,1
TA-12407,1
TA-12417,1
TA-12418,1
TA-12419,1
TA-12420,1
TA-12421,1
TA-12422,1
TA-12423,1
TA-12424,1
TA-12425,1
TA-12430,1
TA-12431,1
TA-12432,1
TA-12443,1
TA-12444,1
TA-12453,1
TA-12454,1
TA-12455,1
TA-12456,1
TA-12457,1
TA-12458,1
TA-12459,1
TA-12462,1
TA-12463,1
TA-12464,1
TA-12465,1
TA-12466,1
TA-12467,1
TA-12471,1
TA-12472,1
TA-12473,1
TA-12474,1
TA-12475,1
TA-12476,1
TA-12477,1
TA-12478,1
TA-12479,1
TA-12480,1
TA-12481,1
TA-12495,1
TA-12497,1
TA-12500,1
TA-12501,1
TA-12502,1
TA-12503,1
TA-12504,1
TA-12506,1
TA-12507,1
TA-12508,1
TA-12509,1
TA-12510,1
TA-12511,1
TA-12514,1
TA-12515,1
TA-12516,1
TA-12517,1
TA-12518,1
TA-12519,1
TA-12520,1
TA-12521,1
TA-12522,1
TA-12529,1
TA-12532,1
TA-12533,1
TA-12534,1
TA-12535,1
TA-12536,1
TA-12537,1
TA-12538,1
TA-12539,1
TA-12541,1
TA-12542,1
TA-12543,1
TA-12544,1
TA-12545,1
TA-12547,1
TA-12548,1
TA-12549,1
TA-12550,1
TA-12553,1
TA-12554,1
TA-12555,1
TA-12556,1
TA-12560,1
TA-12561,1
TA-12563,1
TA-12564,1
TA-12565,1
TA-12566,1
TA-12567,1
TA-12573,1
TA-12574,1
TA-12576,1
TA-12577,1
TA-12579,1
TA-12580,1
TA-12583,1
TA-12584,1
TA-12586,1
TA-12589,1
TA-12590,1
TA-12594,1
TA-12595,1
TA-12596,1
TA-12598,1
TA-12599,1
TA-12622,1
TA-12628,1
TA-12629,1
TA-12631,1
TA-12632,1
TA-12633,1
TA-12634,1
TA-12636,1
TA-12637,1
TA-12638,1
TA-12642,1
TA-12643,1
TA-12644,1
TA-12645,1
TA-12646,1
TA-12647,1
TA-12648,1
TA-12652,1
TA-12653,1
TA-12654,1
TA-12655,1
TA-12656,1
TA-12657,1
TA-12658,1
TA-12659,1
TA-12660,1
TA-12661,1
TA-12662,1
TA-12663,1
TA-12664,1
TA-12665,1
TA-12666,1
TA-12667,1
TA-12668,1
TA-12670,1
TA-12672,1
TA-12673,1
TA-12674,1
TA-12675,1
TA-12693,1
TA-12694,1
TA-12695,1
TA-12696,1
TA-12697,1
TA-12706,1
TA-12711,1
TA-12712,1
TA-12713,1
TA-12714,1
TA-12715,1
TA-12717,1
TA-12718,1
TA-12720,1
TA-12723,1
TA-12724,1
TA-12725,1
TA-12726,1
TA-12727,1
TA-12729,1
TA-12732,1
TA-12733,1
TA-12735,1
TA-12736,1
TA-12737,1
TA-12738,1
TA-12739,1
TA-12740,1
TA-12741,1
TA-12742,1
TA-12744,1
TA-12745,1
TA-12746,1
TA-12873,1
TA-12874,1
TA-12892,1
TA-12894,1
TA-12895,1
TA-12896,1
TA-12897,1
TA-12898,1
TA-12899,1
TA-12900,1
TA-12903,1
TA-12904,1
TA-12905,1
TA-12909,1
TA-12917,1
TA-12918,1
TA-12919,1
TA-12922,1
TA-12923,1
TA-12924,1
TA-12925,1
TA-12929,1
TA-12930,1
TA-12937,1
TA-12938,1
TA-12939,1
TA-12940,1
TA-12943,1
TA-12994,1
TA-12995,1
TA-13001,1
TA-13011,1
TA-13012,1
TA-13013,1
TA-13014,1
TA-13016,1
TA-13025,1
TA-13029,1
TA-13030,1
TA-13033,1
TA-13034,1
TA-13035,1
TA-13036,1
TA-13038,1
TA-13039,1
TA-13041,1
TA-13043,1
TA-13044,1
TA-13046,1
TA-13048,1
TA-13050,1
TA-13051,1
TA-13062,1
TA-13069,1
TA-13070,1
TA-13071,1
TA-13072,1
TA-13073,1
TA-13074,1
TA-13082,1
TA-13083,1
TA-13084,1
TA-13085,1
TA-13092,1
TA-13095,1
TA-13110,1
TA-13112,1
TA-13113,1
TA-13114,1
TA-13115,1
TA-13116,1
TA-13117,1
TA-13119,1
TA-13122,1
TA-13123,1
TA-13124,1
TA-13125,1
TA-13130,1
TA-13133,1
TA-13134,1
TA-13135,1
TA-13136,1
TA-13137,1
TA-13138,1
TA-13139,1
TA-13141,1
TA-13142,1
TA-13143,1
TA-13144,1
TA-13145,1
TA-13146,1
TA-13147,1
TA-13148,1
TA-13149,1
TA-13151,1
TA-13154,1
TA-13155,1
TA-13159,1
TA-13160,1
TA-13161,1
TA-13162,1
TA-13163,1
TA-13164,1
TA-13165,1
TA-13167,1
TA-13168,1
TA-13169,1
TA-13170,1
TA-13171,1
TA-13172,1
TA-13173,1
TA-13174,1
TA-13175,1
TA-13176,1
TA-13180,1
TA-13181,1
TA-13182,1
TA-13183,1
TA-13184,1
TA-13189,1
TA-13190,1
TA-13191,1
TA-13192,1
TA-13193,1
TA-13194,1
TA-13196,1
TA-13197,1
TA-13198,1
TA-13199,1
TA-13200,1
TA-13201,1
TA-13202,1
TA-13203,1
TA-13212,1
TA-13213,1
TA-13217,1
TA-13220,1
TA-13221,1
TA-13222,1
TA-13223,1
TA-13224,1
TA-13227,1
TA-13228,1
TA-13229,1
TA-13230,1
TA-13231,1
TA-13232,1
TA-13233,1
TA-13234,1
TA-13235,1
TA-13239,1
TA-13242,1
TA-13243,1
TA-13244,1
TA-13245,1
TA-13246,1
TA-13247,1
TA-13248,1
TA-13251,1
TA-13252,1
TA-13254,1
TA-13255,1
TA-13256,1
TA-13257,1
TA-13258,1
TA-13259,1
TA-13260,1
TA-13261,1
TA-13262,1
TA-13263,1
TA-13264,1
TA-13265,1
TA-13266,1
TA-13270,1
TA-13271,1
TA-13272,1
TA-13273,1
TA-13274,1
TA-13276,1
TA-13282,1
TA-13283,1
TA-13284,1
TA-13285,1
TA-13286,1
TA-13287,1
TA-13288,1
TA-13299,1
TA-13300,1
TA-13301,1
TA-13302,1
TA-13309,1
TA-13310,1
TA-13317,1
TA-13318,1
TA-13319,1
TA-13320,1
TA-13321,1
TA-13322,1
TA-13323,1
TA-13324,1
TA-13325,1
TA-13326,1
TA-13327,1
TA-13329,1
TA-13330,1
TA-13331,1
TA-13332,1
TA-13334,1
TA-13336,1
TA-13337,1
TA-13339,1
TA-13340,1
TA-13341,1
TA-13342,1
TA-13343,1
TA-13344,1
TA-13345,1
TA-13346,1
TA-13347,1
TA-13348,1
TA-13350,1
TA-13351,1
TA-13352,1
TA-13356,1
TA-13358,1
TA-13359,1
TA-13360,1
TA-13361,1
TA-13362,1
TA-13363,1
TA-13364,1
TA-13365,1
TA-13370,1
TA-13373,1
TA-13374,1
TA-13375,1
TA-13376,1
TA-13377,1
TA-13378,1
TA-13379,1
TA-13380,1
TA-13381,1
TA-13382,1
TA-13383,1
TA-13384,1
TA-13393,1
TA-13401,1
TA-13402,1
TA-13427,1
TA-13431,1
TA-13432,1
TA-13433,1
TA-13435,1
TA-13437,1
TA-13439,1
TA-13440,1
TA-13441,1
TA-13442,1
TA-13443,1
TA-13444,1
TA-13445,1
TA-13446,1
TA-13450,1
TA-13451,1
TA-13452,1
TA-13453,1
TA-13456,1
TA-13457,1
TA-13460,1
TA-13461,1
TA-13465,1
TA-13466,1
TA-13467,1
TA-13468,1
TA-13470,1
TA-13471,1
TA-13472,1
TA-13473,1
TA-13474,1
TA-13475,1
TA-13478,1
TA-13481,1
TA-13482,1
TA-13483,1
TA-13486,1
TA-13487,1
TA-13488,1
TA-13489,1
TA-13490,1
TA-13491,1
TA-13492,1
TA-13493,1
TA-13497,1
TA-13498,1
TA-13499,1
TA-13500,1
TA-13505,1
TA-13507,1
TA-13508,1
TA-13509,1
TA-13515,1
TA-13516,1
TA-13517,1
TA-13518,1
TA-13519,1
TA-13520,1
TA-13521,1
TA-13527,1
TA-13528,1
TA-13529,1
TA-13531,1
TA-13532,1
TA-13533,1
TA-13534,1
TA-13535,1
TA-13536,1
TA-13537,1
TA-13538,1
TA-13539,1
TA-13540,1
TA-13541,1
TA-13543,1
TA-13544,1
TA-13545,1
TA-13547,1
TA-13550,1
TA-13555,1
TA-13557,1
TA-13563,1
TA-13565,1
TA-13566,1
TA-13567,1
TA-13568,1
TA-13569,1
TA-13570,1
TA-13571,1
TA-13572,1
TA-13578,1
TA-13579,1
TA-13594,1
TA-13595,1
TA-13600,1
TA-13603,1
TA-13604,1
TA-13607,1
TA-13608,1
TA-13610,1
TA-13611,1
TA-13612,1
TA-13613,1
TA-13620,1
TA-13621,1
TA-13623,1
TA-13624,1
TA-13629,1
TA-13630,1
TA-13635,1
TA-13638,1
TA-13639,1
TA-13641,1
TA-13642,1
TA-13648,1
TA-13649,1
TA-13650,1
TA-13651,1
TA-13681,1
TA-13682,1
TA-13683,1
TA-13685,1
TA-13686,1
TA-13687,1
TA-13689,1
TA-13692,1
TA-13693,1
TA-13694,1
TA-13695,1
TA-13696,1
TA-13697,1
TA-13698,1
TA-13699,1
TA-13701,1
TA-13702,1
TA-13703,1
TA-13704,1
TA-13706,1
TA-13707,1
TA-13708,1
TA-13709,1
TA-13710,1
TA-13711,1
TA-13712,1
TA-13713,1
TA-13714,1
TA-13715,1
TA-13716,1
TA-13717,1
TA-13718,1
TA-13719,1
TA-13720,1
TA-13721,1
TA-13722,1
TA-13723,1
TA-13724,1
TA-13725,1
TA-13728,1
TA-13729,1
TA-13730,1
TA-13737,1
TA-13745,1
TA-13747,1
TA-13749,1
TA-13750,1
TA-13751,1
TA-13753,1
TA-13754,1
TA-13755,1
TA-13756,1
TA-13764,1
TA-13765,1
TA-13766,1
TA-13767,1
TA-13768,1
TA-13769,1
TA-13781,1
TA-13782,1
TA-13783,1
TA-13784,1
TA-13788,1
TA-13790,1
TA-13791,1
TA-13796,1
TA-13797,1
TA-13798,1
TA-13799,1
TA-13800,1
TA-13801,1
TA-13804,1
TA-13807,1
TA-13808,1
TA-13819,1
TA-13822,1
TA-13823,1
TA-13824,1
TA-13825,1
TA-13826,1
TA-13827,1
TA-13829,1
TA-13830,1
TA-13833,1
TA-13834,1
TA-13838,1
TA-13839,1
TA-13840,1
TA-13841,1
TA-13847,1
TA-13848,1
TA-13856,1
TA-13858,1
TA-13859,1
TA-13860,1
TA-13861,1
TA-13862,1
TA-13863,1
TA-13864,1
TA-13865,1
TA-13866,1
TA-13867,1
TA-13868,1
TA-13869,1
TA-13870,1
TA-13871,1
TA-13873,1
TA-13874,1
TA-13875,1
TA-13876,1
TA-13878,1
TA-13881,1
TA-13886,1
TA-13887,1
TA-13888,1
TA-13899,1
TA-13900,1
TA-13901,1
TA-13905,1
TA-13906,1
TA-13907,1
TA-13910,1
TA-13911,1
TA-13912,1
TA-13913,1
TA-13914,1
TA-13926,1
TA-13927,1
TA-13928,1
TA-13932,1
TA-13934,1
TA-13936,1
TA-13937,1
TA-13940,1
TA-13941,1
TA-13947,1
TA-13948,1
TA-13949,1
TA-13950,1
TA-13951,1
TA-13952,1
TA-13953,1
TA-13954,1
TA-13957,1
TA-13958,1
TA-13960,1
TA-13971,1
TA-13976,1
TA-13977,1
TA-13978,1
TA-13981,1
TA-13982,1
TA-13983,1
TA-13984,1
TA-13986,1
TA-13989,1
TA-13991,1
TA-13992,1
TA-13993,1
TA-13994,1
TA-13996,1
TA-13999,1
TA-14000,1
TA-14003,1
TA-14006,1
TA-14007,1
TA-14008,1
TA-14009,1
TA-14014,1
TA-14015,1
TA-14019,1
TA-14023,1
TA-14025,1
TA-14027,1
TA-14031,1
TA-14032,1
TA-14037,1
TA-14038,1
TA-14039,1
TA-14040,1
TA-14041,1
TA-14042,1
TA-14043,1
TA-14044,1
TA-14045,1
TA-14046,1
TA-14047,1
TA-14048,1
TA-14049,1
TA-14053,1
TA-14054,1
TA-14055,1
TA-14056,1
TA-14058,1
TA-14061,1
TA-14068,1
TA-14070,1
TA-14072,1
TA-14076,1
TA-14077,1
TA-14078,1
TA-14079,1
TA-14080,1
TA-14081,1
TA-14082,1
TA-14083,1
TA-14084,1
TA-14085,1
TA-14100,1
TA-14101,1
TA-14102,1
TA-14103,1
TA-14104,1
TA-14108,1
TA-14111,1
TA-14112,1
TA-14113,1
TA-14114,1
TA-14115,1
TA-14116,1
TA-14117,1
TA-14121,1
TA-14122,1
TA-14123,1
TA-14124,1
TA-14125,1
TA-14126,1
TA-14127,1
TA-14128,1
TA-14133,1
TA-14148,1
TA-14149,1
TA-14150,1
TA-14152,1
TA-14156,1
TA-14159,1
TA-14161,1
TA-14162,1
TA-14166,1
TA-14168,1
TA-14169,1
TA-14170,1
TA-14171,1
TA-14172,1
TA-14173,1
TA-14174,1
TA-14176,1
TA-14179,1
TA-14182,1
TA-14183,1
TA-14184,1
TA-14185,1
TA-14186,1
TA-14188,1
TA-14189,1
TA-14190,1
TA-14191,1
TA-14192,1
TA-14193,1
TA-14195,1
TA-14196,1
TA-14197,1
TA-14198,1
TA-14199,1
TA-14200,1
TA-14205,1
TA-14210,1
TA-14212,1
TA-14214,1
TA-14215,1
TA-14216,1
TA-14217,1
TA-14220,1
TA-14223,1
TA-14224,1
TA-14228,1
TA-14229,1
TA-14242,1
TA-14243,1
TA-14244,1
TA-14245,1
TA-14246,1
TA-14247,1
TA-14248,1
TA-14249,1
TA-14250,1
TA-14251,1
TA-14252,1
TA-14255,1
TA-14262,1
TA-14265,1
TA-14267,1
TA-14269,1
TA-14270,1
TA-14272,1
TA-14273,1
TA-14274,1
TA-14275,1
TA-14276,1
TA-14277,1
TA-14299,1
TA-14300,1
TA-14301,1
TA-14302,1
TA-14303,1
TA-14304,1
TA-14306,1
TA-14307,1
TA-14308,1
TA-14309,1
TA-14310,1
TA-14311,1
TA-14312,1
TA-14317,1
TA-14318,1
TA-14319,1
TA-14321,1
TA-14326,1
TA-14327,1
TA-14328,1
TA-14329,1
TA-14330,1
TA-14331,1
TA-14332,1
TA-14333,1
TA-14334,1
TA-14335,1
TA-14336,1
TA-14337,1
TA-14338,1
TA-14339,1
TA-14343,1
TA-14344,1
TA-14356,1
TA-14357,1
TA-14358,1
TA-14359,1
TA-14363,1
TA-14370,1
TA-14371,1
TA-14372,1
TA-14373,1
TA-14374,1
TA-14375,1
TA-14376,1
TA-14377,1
TA-14378,1
TA-14381,1
TA-14382,1
TA-14383,1
TA-14384,1
TA-14385,1
TA-14386,1
TA-14387,1
TA-14388,1
TA-14389,1
TA-14390,1
TA-14394,1
TA-14395,1
TA-14396,1
TA-14397,1
TA-14398,1
TA-14404,1
TA-14405,1
TA-14406,1
TA-14409,1
TA-14417,1
TA-14418,1
TA-14426,1
TA-14427,1
TA-14428,1
TA-14429,1
TA-14430,1
TA-14431,1
TA-14432,1
TA-14438,1
TA-14448,1
TA-14449,1
TA-14450,1
TA-14451,1
TA-14452,1
TA-14453,1
TA-14454,1
TA-14455,1
TA-14456,1
TA-14457,1
TA-14458,1
TA-14459,1
TA-14460,1
TA-14461,1
TA-14462,1
TA-14463,1
TA-14464,1
TA-14465,1
TA-14466,1
TA-14467,1
TA-14478,1
TA-14479,1
TA-14482,1
TA-14483,1
TA-14484,1
TA-14485,1
TA-14486,1
TA-14487,1
TA-14492,1
TA-14493,1
TA-14494,1
TA-14496,1
TA-14497,1
TA-14500,1
TA-14501,1
TA-14502,1
TA-14503,1
TA-14514,1
TA-14515,1
TA-14522,1
TA-14523,1
TA-14525,1
TA-14526,1
TA-14530,1
TA-14531,1
TA-14536,1
TA-14537,1
TA-14538,1
TA-14587,1
TA-14589,1
TA-14594,1
TA-14596,1
TA-14597,1
TA-14598,1
TA-14599,1
TA-14602,1
TA-14603,1
TA-14604,1
TA-14605,1
TA-14607,1
TA-14608,1
TA-14609,1
TA-14610,1
TA-14611,1
TA-14613,1
TA-14615,1
TA-14616,1
TA-14617,1
TA-14620,1
TA-14625,1
TA-14626,1
TA-14627,1
TA-14629,1
TA-14630,1
TA-14631,1
TA-14632,1
TA-14636,1
TA-14639,1
TA-14640,1
TA-14642,1
TA-14643,1
TA-14644,1
TA-14645,1
TA-14646,1
TA-14649,1
TA-14650,1
TA-14651,1
TA-14652,1
TA-14662,1
TA-14663,1
TA-14664,1
TA-14665,1
TA-14667,1
TA-14668,1
TA-14669,1
TA-14670,1
TA-14671,1
TA-14672,1
TA-14673,1
TA-14674,1
TA-14675,1
TA-14676,1
TA-14677,1
TA-14678,1
TA-14679,1
TA-14680,1
TA-14681,1
TA-14682,1
TA-14683,1
TA-14684,1
TA-14685,1
TA-14689,1
TA-14690,1
TA-14691,1
TA-14692,1
TA-14694,1
TA-14695,1
TA-14696,1
TA-14697,1
TA-14698,1
TA-14699,1
TA-14700,1
TA-14701,1
TA-14702,1
TA-14703,1
TA-14704,1
TA-14705,1
TA-14710,1
TA-14711,1
TA-14714,1
TA-14721,1
TA-14723,1
TA-14724,1
TA-14725,1
TA-14728,1
TA-14729,1
TA-14730,1
TA-14732,1
TA-14737,1
TA-14738,1
TA-14739,1
TA-14744,1
TA-14746,1
TA-14749,1
TA-14750,1
TA-14751,1
TA-14752,1
TA-14753,1
TA-14756,1
TA-14757,1
TA-14758,1
TA-14759,1
TA-14760,1
TA-14761,1
TA-14762,1
TA-14763,1
TA-14767,1
TA-14769,1
TA-14777,1
TA-14784,1
TA-14785,1
TA-14786,1
TA-14791,1
TA-14798,1
TA-14799,1
TA-14800,1
TA-14801,1
TA-14802,1
TA-14807,1
TA-14808,1
TA-14809,1
TA-14810,1
TA-14812,1
TA-14827,1
TA-14829,1
TA-14845,1
TA-14850,1
TA-14851,1
TA-14861,1
TA-14862,1
TA-14863,1
TA-14864,1
TA-14865,1
TA-14866,1
TA-14867,1
TA-14868,1
TA-14869,1
TA-14870,1
TA-14873,1
TA-14880,1
TA-14881,1
TA-14887,1
TA-14891,1
TA-14895,1
TA-14896,1
TA-14902,1
TA-14903,1
TA-14904,1
TA-14905,1
TA-14907,1
TA-14908,1
TA-14911,1
TA-14912,1
TA-14913,1
TA-14920,1
TA-14921,1
TA-14927,1
TA-14928,1
TA-14930,1
TA-14931,1
TA-14932,1
TA-14933,1
TA-14934,1
TA-14935,1
TA-14937,1
TA-14950,1
TA-14951,1
TA-14953,1
TA-14954,1
TA-14957,1
TA-14958,1
TA-14959,1
TA-14960,1
TA-14961,1
TA-14962,1
TA-14971,1
TA-14976,1
TA-15015,1
TA-15016,1
TA-15018,1
TA-15019,1
TA-15020,1
TA-15022,1
TA-15024,1
TA-15027,1
TA-15028,1
TA-15031,1
TA-15032,1
TA-15033,1
TA-15034,1
TA-15035,1
TA-15036,1
TA-15038,1
TA-15039,1
TA-15041,1
TA-15042,1
TA-15043,1
TA-15047,1
TA-15048,1
TA-15054,1
TA-15055,1
TA-15057,1
TA-15058,1
TA-15059,1
TA-15060,1
TA-15061,1
TA-15062,1
TA-15069,1
TA-15080,1
TA-15081,1
TA-15082,1
TA-15084,1
TA-15085,1
TA-15086,1
TA-15087,1
TA-15088,1
TA-15089,1
TA-15095,1
TA-15096,1
TA-15099,1
TA-15102,1
TA-15104,1
TA-15105,1
TA-15107,1
TA-15109,1
TA-15111,1
TA-15113,1
TA-15116,1
TA-15117,1
TA-15118,1
TA-15119,1
TA-15121,1
TA-15125,1
TA-15126,1
TA-15127,1
TA-15128,1
TA-15129,1
TA-15134,1
TA-15136,1
TA-15137,1
TA-15138,1
TA-15139,1
TA-15143,1
TA-15144,1
TA-15145,1
TA-15148,1
TA-15149,1
TA-15154,1
TA-15156,1
TA-15157,1
TA-15158,1
TA-15159,1
TA-15160,1
TA-15161,1
TA-15162,1
TA-15163,1
TA-15164,1
TA-15165,1
TA-15166,1
TA-15167,1
TA-15168,1
TA-15179,1
TA-15180,1
TA-15181,1
TA-15182,1
TA-15185,1
TA-15186,1
TA-15188,1
TA-15193,1
TA-15194,1
TA-15195,1
TA-15196,1
TA-15207,1
TA-15208,1
TA-15209,1
TA-15210,1
TA-15211,1
TA-15217,1
TA-15220,1
TA-15221,1
TA-15226,1
TA-15227,1
TA-15235,1
TA-15236,1
TA-15238,1
TA-15239,1
TA-15242,1
TA-15243,1
TA-15244,1
TA-15245,1
TA-15246,1
TA-15248,1
TA-15249,1
TA-15250,1
TA-15251,1
TA-15253,1
TA-15254,1
TA-15260,1
TA-15264,1
TA-15268,1
TA-15277,1
TA-15278,1
TA-15279,1
TA-15280,1
TA-15282,1
TA-15284,1
TA-15288,1
TA-15289,1
TA-15290,1
TA-15291,1
TA-15308,1
TA-15309,1
TA-15311,1
TA-15312,1
TA-15316,1
TA-15317,1
TA-15318,1
TA-15319,1
TA-15320,1
TA-15324,1
TA-15342,1
TA-15343,1
TA-15344,1
TA-15345,1
TA-15347,1
TA-15348,1
TA-15362,1
TA-15363,1
TA-15369,1
TA-15371,1
TA-15374,1
TA-15379,1
TA-15380,1
TA-15381,1
TA-15382,1
TA-15383,1
TA-15385,1
TA-15386,1
TA-15387,1
TA-15388,1
TA-15389,1
TA-15390,1
TA-15391,1
TA-15392,1
TA-15414,1
TA-15415,1
TA-15420,1
TA-15421,1
TA-15422,1
TA-15423,1
TA-15424,1
TA-15425,1
TA-15426,1
TA-15427,1
TA-15428,1
TA-15432,1
TA-15433,1
TA-15434,1
TA-15435,1
TA-15438,1
TA-15442,1
TA-15443,1
TA-15446,1
TA-15449,1
TA-15450,1
TA-15451,1
TA-15452,1
TA-15453,1
TA-15455,1
TA-15456,1
TA-15457,1
TA-15458,1
TA-15459,1
TA-15461,1
TA-15462,1
TA-15464,1
TA-15465,1
TA-15466,1
TA-15467,1
TA-15470,1
TA-15471,1
TA-15472,1
TA-15473,1
TA-15474,1
TA-15481,1
TA-15482,1
TA-15486,1
TA-15491,1
TA-15492,1
TA-15493,1
TA-15494,1
TA-15496,1
TA-15497,1
TA-15501,1
TA-15502,1
TA-15503,1
TA-15504,1
TA-15505,1
TA-15507,1
TA-15508,1
TA-15509,1
TA-15511,1
TA-15512,1
TA-15515,1
TA-15516,1
TA-15517,1
TA-15518,1
TA-15519,1
TA-15522,1
TA-15523,1
TA-15524,1
TA-15525,1
TA-15528,1
TA-15529,1
TA-15530,1
TA-15531,1
TA-15532,1
TA-15533,1
TA-15537,1
TA-15538,1
TA-15539,1
TA-15540,1
TA-15541,1
TA-15542,1
TA-15543,1
TA-15544,1
TA-15545,1
TA-15546,1
TA-15547,1
TA-15548,1
TA-15549,1
TA-15550,1
TA-15551,1
TA-15552,1
TA-15553,1
TA-15554,1
TA-15555,1
TA-15556,1
TA-15557,1
TA-15560,1
TA-15562,1
TA-15563,1
TA-15564,1
TA-15565,1
TA-15566,1
TA-15567,1
TA-15569,1
TA-15570,1
TA-15571,1
TA-15572,1
TA-15574,1
TA-15577,1
TA-15578,1
TA-15585,1
TA-15586,1
TA-15589,1
TA-15590,1
TA-15591,1
TA-15592,1
TA-15593,1
TA-15594,1
TA-15598,1
TA-15605,1
TA-15606,1
TA-15607,1
TA-15608,1
TA-15613,1
TA-15614,1
TA-15615,1
TA-15616,1
TA-15617,1
TA-15618,1
TA-15619,1
TA-15624,1
TA-15625,1
TA-15626,1
TA-15642,1
TA-15645,1
TA-15646,1
TA-15647,1
TA-15648,1
TA-15650,1
TA-15651,1
TA-15652,1
TA-15653,1
TA-15654,1
TA-15655,1
TA-15667,1
TA-15691,1
TA-15692,1
TA-15693,1
TA-15694,1
TA-15700,1
TA-15701,1
TA-15702,1
TA-15704,1
TA-15705,1
TA-15706,1
TA-15707,1
TA-15710,1
TA-15711,1
TA-15713,1
TA-15714,1
TA-15715,1
TA-15716,1
TA-15717,1
TA-15726,1
TA-15727,1
TA-15728,1
TA-15729,1
TA-15730,1
TA-15732,1
TA-15733,1
TA-15734,1
TA-15735,1
TA-15736,1
TA-15737,1
TA-15738,1
TA-15740,1
TA-15742,1
TA-15743,1
TA-15744,1
TA-15745,1
TA-15748,1
TA-15752,1
TA-15753,1
TA-15755,1
TA-15758,1
TA-15759,1
TA-15760,1
TA-15761,1
TA-15765,1
TA-15766,1
TA-15767,1
TA-15768,1
TA-15769,1
TA-15770,1
TA-15771,1
TA-15772,1
TA-15774,1
TA-15775,1
TA-15776,1
TA-15777,1
TA-15778,1
TA-15779,1
TA-15780,1
TA-15781,1
TA-15782,1
TA-15783,1
TA-15784,1
TA-15785,1
TA-15786,1
TA-15787,1
TA-15788,1
TA-15789,1
TA-15790,1
TA-15791,1
TA-15792,1
TA-15793,1
TA-15803,1
TA-15804,1
TA-15805,1
TA-15806,1
TA-15807,1
TA-15811,1
TA-15813,1
TA-15815,1
TA-15834,1
TA-15835,1
TA-15836,1
TA-15838,1
TA-15839,1
TA-15841,1
TA-15842,1
TA-15856,1
TA-15859,1
TA-15860,1
TA-15861,1
TA-15863,1
TA-15864,1
TA-15868,1
TA-15869,1
TA-15870,1
TA-15872,1
TA-15873,1
TA-15874,1
TA-15875,1
TA-15878,1
TA-15879,1
TA-15880,1
TA-15881,1
TA-15882,1
TA-15883,1
TA-15885,1
TA-15889,1
TA-15913,1
TA-15914,1
TA-15916,1
TA-15917,1
TA-15919,1
TA-15920,1
TA-15921,1
TA-15944,1
TA-16019,1
TA-16020,1
TA-16022,1
TA-16023,1
TA-16027,1
TA-16028,1
TA-16033,1
TA-16034,1
TA-16035,1
TA-16036,1
TA-16041,1
TA-16046,1
TA-16048,1
TA-16049,1
TA-16050,1
TA-16051,1
TA-16052,1
TA-16053,1
TA-16055,1
TA-16063,1
TA-16066,1
TA-16067,1
TA-16070,1
TA-16071,1
TA-16074,1
TA-16075,1
TA-16076,1
TA-16078,1
TA-16079,1
TA-16080,1
TA-16086,1
TA-16094,1
TA-16097,1
TA-16098,1
TA-16099,1
TA-16100,1
TA-16101,1
TA-16102,1
TA-16103,1
TA-16104,1
TA-16105,1
TA-16106,1
TA-16107,1
TA-16108,1
TA-16117,1
TA-16118,1
TA-16119,1
TA-16120,1
TA-16123,1
TA-16124,1
TA-16125,1
TA-16126,1
TA-16127,1
TA-16129,1
TA-16137,1
TA-16138,1
TA-16139,1
TA-16145,1
TA-16146,1
TA-16147,1
TA-16148,1
TA-16149,1
TA-16150,1
TA-16151,1
TA-16152,1
TA-16153,1
TA-16154,1
TA-16155,1
TA-16156,1
TA-16157,1
TA-16158,1
TA-16159,1
TA-16160,1
TA-16161,1
TA-16162,1
TA-16195,1
TA-16197,1
TA-16200,1
TA-16207,1
TA-16208,1
TA-16210,1
TA-16213,1
TA-16215,1
TA-16218,1
TA-16219,1
TA-16225,1
TA-16226,1
TA-16227,1
TA-16228,1
TA-16229,1
TA-16235,1
TA-16236,1
TA-16238,1
TA-16239,1
TA-16240,1
TA-16244,1
TA-16245,1
TA-16246,1
TA-16247,1
TA-16248,1
TA-16249,1
TA-16253,1
TA-16254,1
TA-16255,1
TA-16256,1
TA-16257,1
TA-16259,1
TA-16260,1
TA-16262,1
TA-16263,1
TA-16264,1
TA-16273,1
TA-16274,1
TA-16278,1
TA-16279,1
TA-16280,1
TA-16281,1
TA-16282,1
TA-16283,1
TA-16284,1
TA-16285,1
TA-16286,1
TA-16287,1
TA-16289,1
TA-16290,1
TA-16291,1
TA-16292,1
TA-16296,1
TA-16297,1
TA-16298,1
TA-16301,1
TA-16310,1
TA-16311,1
TA-16312,1
TA-16314,1
TA-16315,1
TA-16316,1
TA-16317,1
TA-16318,1
TA-16319,1
TA-16320,1
TA-16321,1
TA-16322,1
TA-16323,1
TA-16324,1
TA-16325,1
TA-16326,1
TA-16327,1
TA-16328,1
TA-16330,1
TA-16331,1
TA-16332,1
TA-16333,1
TA-16334,1
TA-16335,1
TA-16336,1
TA-16337,1
TA-16338,1
TA-16339,1
TA-16340,1
TA-16341,1
TA-16342,1
TA-16343,1
TA-16348,1
TA-16350,1
TA-16351,1
TA-16352,1
TA-16360,1
TA-16361,1
TA-16367,1
TA-16368,1
TA-16374,1
TA-16375,1
TA-16386,1
TA-16388,1
TA-16390,1
TA-16391,1
TA-16392,1
TA-16393,1
TA-16394,1
TA-16395,1
TA-16398,1
TA-16399,1
TA-16400,1
TA-16407,1
TA-16408,1
TA-16409,1
TA-16410,1
TA-16411,1
TA-16412,1
TA-16417,1
TA-16418,1
TA-16425,1
TA-16426,1
TA-16427,1
TA-16428,1
TA-16429,1
TA-16433,1
TA-16434,1
TA-16436,1
TA-16437,1
TA-16438,1
TA-16439,1
TA-16440,1
TA-16441,1
TA-16442,1
TA-16444,1
TA-16445,1
TA-16446,1
TA-16456,1
TA-16457,1
TA-16458,1
TA-16460,1
TA-16464,1
TA-16476,1
TA-16477,1
TA-16478,1
TA-16479,1
TA-16480,1
TA-16481,1
TA-16482,1
TA-16483,1
TA-16484,1
TA-16485,1
TA-16486,1
TA-16487,1
TA-16488,1
TA-16489,1
TA-16490,1
TA-16491,1
TA-16492,1
TA-16493,1
TA-16494,1
TA-16502,1
TA-16503,1
TA-16504,1
TA-16512,1
TA-16513,1
TA-16514,1
TA-16515,1
TA-16516,1
TA-16517,1
TA-16523,1
TA-16524,1
TA-16527,1
TA-16531,1
TA-16532,1
TA-16533,1
TA-16534,1
TA-16535,1
TA-16536,1
TA-16537,1
TA-16538,1
TA-16541,1
TA-16545,1
TA-16550,1
TA-16551,1
TA-16552,1
TA-16559,1
TA-16561,1
TA-16576,1
TA-16578,1
TA-16579,1
TA-16581,1
TA-16582,1
TA-16583,1
TA-16584,1
TA-16585,1
TA-16586,1
TA-16588,1
TA-16594,1
TA-16600,1
TA-16601,1
TA-16602,1
TA-16603,1
TA-16604,1
TA-16605,1
TA-16607,1
TA-16608,1
TA-16609,1
TA-16610,1
TA-16611,1
TA-16612,1
TA-16613,1
TA-16614,1
TA-16615,1
TA-16621,1
TA-16622,1
TA-16624,1
TA-16625,1
TA-16626,1
TA-16627,1
TA-16630,1
TA-16631,1
TA-16632,1
TA-16633,1
TA-16634,1
TA-16635,1
TA-16638,1
TA-16639,1
TA-16640,1
TA-16641,1
TA-16642,1
TA-16643,1
TA-16644,1
TA-16645,1
TA-16646,1
TA-16647,1
TA-16652,1
TA-16653,1
TA-16654,1
TA-16655,1
TA-16656,1
TA-16657,1
TA-16658,1
TA-16659,1
TA-16660,1
TA-16661,1
TA-16662,1
TA-16663,1
TA-16665,1
TA-16666,1
TA-16667,1
TA-16668,1
TA-16669,1
TA-16671,1
TA-16672,1
TA-16673,1
TA-16674,1
TA-16675,1
TA-16676,1
TA-16677,1
TA-16680,1
TA-16681,1
TA-16682,1
TA-16683,1
TA-16687,1
TA-16688,1
TA-16689,1
TA-16704,1
TA-16705,1
TA-16706,1
TA-16708,1
TA-16709,1
TA-16710,1
TA-16711,1
TA-16712,1
TA-16713,1
TA-16714,1
TA-16715,1
TA-16716,1
TA-16717,1
TA-16718,1
TA-16719,1
TA-16720,1
TA-16721,1
TA-16722,1
TA-16723,1
TA-16724,1
TA-16725,1
TA-16726,1
TA-16727,1
TA-16728,1
TA-16729,1
TA-16730,1
TA-16731,1
TA-16732,1
TA-16733,1
TA-16734,1
TA-16735,1
TA-16736,1
TA-16737,1
TA-16738,1
TA-16739,1
TA-16741,1
TA-16742,1
TA-16743,1
TA-16744,1
TA-16745,1
TA-16746,1
TA-16747,1
TA-16748,1
TA-16749,1
TA-16750,1
TA-16751,1
TA-16752,1
TA-16753,1
TA-16754,1
TA-16755,1
TA-16756,1
TA-16757,1
TA-16758,1
TA-16759,1
TA-16762,1
TA-16764,1
TA-16765,1
TA-16768,1
TA-16769,1
TA-16771,1
TA-16772,1
TA-16774,1
TA-16775,1
TA-16776,1
TA-16777,1
TA-16780,1
TA-16782,1
TA-16784,1
TA-16785,1
TA-16786,1
TA-16789,1
TA-16792,1
TA-16794,1
TA-16795,1
TA-16796,1
TA-16797,1
TA-16799,1
TA-16800,1
TA-16801,1
TA-16802,1
TA-16803,1
TA-16804,1
TA-16805,1
TA-16806,1
TA-16807,1
TA-16809,1
TA-16813,1
TA-16814,1
TA-16815,1
TA-16817,1
TA-16818,1
TA-16819,1
TA-16820,1
TA-16824,1
TA-16825,1
TA-16826,1
TA-16827,1
TA-16828,1
TA-16829,1
TA-16830,1
TA-16831,1
TA-16832,1
TA-16833,1
TA-16834,1
TA-16835,1
TA-16836,1
TA-16837,1
TA-16838,1
TA-16839,1
TA-16840,1
TA-16841,1
TA-16842,1
TA-16843,1
TA-16844,1
TA-16845,1
TA-16846,1
TA-16847,1
TA-16848,1
TA-16849,1
TA-16851,1
TA-16852,1
TA-16853,1
TA-16854,1
TA-16855,1
TA-16858,1
TA-16859,1
TA-16860,1
TA-16866,1
TA-16869,1
TA-16870,1
TA-16872,1
TA-16878,1
TA-16879,1
TA-16880,1
TA-16882,1
TA-16883,1
TA-16888,1
TA-16889,1
TA-16892,1
TA-16895,1
TA-16896,1
TA-16897,1
TA-16898,1
TA-16899,1
TA-16900,1
TA-16901,1
TA-16909,1
TA-16911,1
TA-16914,1
TA-16919,1
TA-16920,1
TA-16921,1
TA-16922,1
TA-16923,1
TA-16924,1
TA-16925,1
TA-16926,1
TA-16927,1
TA-16928,1
TA-16929,1
TA-16930,1
TA-16931,1
TA-16932,1
TA-16933,1
TA-16934,1
TA-16935,1
TA-16936,1
TA-16937,1
TA-16938,1
TA-16939,1
TA-16940,1
TA-16941,1
TA-16942,1
TA-16943,1
TA-16944,1
TA-16945,1
TA-16947,1
TA-16948,1
TA-16949,1
TA-16950,1
TA-16951,1
TA-16952,1
TA-16953,1
TA-16954,1
TA-16956,1
TA-16957,1
TA-16958,1
TA-16959,1
TA-16961,1
TA-16962,1
TA-16963,1
TA-16964,1
TA-16965,1
TA-16966,1
TA-16967,1
TA-16968,1
TA-16969,1
TA-16970,1
TA-16971,1
TA-16972,1
TA-16973,1
TA-16974,1
TA-16975,1
TA-16976,1
TA-16979,1
TA-16980,1
TA-16981,1
TA-16982,1
TA-16987,1
TA-16988,1
TA-16989,1
TA-16990,1
TA-16991,1
TA-16992,1
TA-17001,1
TA-17002,1
TA-17003,1
TA-17004,1
TA-17005,1
TA-17006,1
TA-17007,1
TA-17012,1
TA-17015,1
TA-17016,1
TA-17018,1
TA-17019,1
TA-17020,1
TA-17021,1
TA-17022,1
TA-17023,1
TA-17024,1
TA-17025,1
TA-17026,1
TA-17027,1
TA-17028,1
TA-17029,1
TA-17035,1
TA-17042,1
TA-17044,1
TA-17046,1
TA-17048,1
TA-17049,1
TA-17050,1
TA-17051,1
TA-17052,1
TA-17053,1
TA-17054,1
TA-17056,1
TA-17058,1
TA-17061,1
TA-17062,1
TA-17063,1
TA-17068,1
TA-17070,1
TA-17071,1
TA-17072,1
TA-17073,1
TA-17074,1
TA-17075,1
TA-17076,1
TA-17077,1
TA-17078,1
TA-17079,1
TA-17100,1
TA-17115,1
TA-17117,1
TA-17118,1
TA-17119,1
TA-17121,1
TA-17122,1
TA-17123,1
TA-17124,1
TA-17126,1
TA-17127,1
TA-17128,1
TA-17134,1
TA-17135,1
TA-17139,1
TA-17140,1
TA-17142,1
TA-17148,1
TA-17149,1
TA-17150,1
TA-17151,1
TA-17152,1
TA-17156,1
TA-17157,1
TA-17160,1
TA-17164,1
TA-17165,1
TA-17166,1
TA-17167,1
TA-17169,1
TA-17170,1
TA-17171,1
TA-17172,1
TA-17173,1
TA-17174,1
TA-17175,1
TA-17176,1
TA-17177,1
TA-17178,1
TA-17179,1
TA-17180,1
TA-17183,1
TA-17184,1
TA-17185,1
TA-17186,1
TA-17187,1
TA-17188,1
TA-17189,1
TA-17190,1
TA-17191,1
TA-17192,1
TA-17193,1
TA-17196,1
TA-17197,1
TA-17198,1
TA-17200,1
TA-17203,1
TA-17212,1
TA-17213,1
TA-17214,1
TA-17216,1
TA-17219,1
TA-17221,1
TA-17224,1
TA-17227,1
TA-17228,1
TA-17247,1
TA-17250,1
TA-17251,1
TA-17252,1
TA-17253,1
TA-17254,1
TA-17256,1
TA-17257,1
TA-17258,1
TA-17259,1
TA-17264,1
TA-17265,1
TA-17271,1
TA-17272,1
TA-17273,1
TA-17274,1
TA-17275,1
TA-17280,1
TA-17281,1
TA-17282,1
TA-17283,1
TA-17284,1
TA-17285,1
TA-17286,1
TA-17287,1
TA-17288,1
TA-17289,1
TA-17290,1
TA-17291,1
TA-17292,1
TA-17293,1
TA-17294,1
TA-17295,1
TA-17296,1
TA-17297,1
TA-17298,1
TA-17299,1
TA-17300,1
TA-17301,1
TA-17302,1
TA-17304,1
TA-17306,1
TA-17307,1
TA-17308,1
TA-17310,1
TA-17311,1
TA-17312,1
TA-17313,1
TA-17314,1
TA-17321,1
TA-17322,1
TA-17323,1
TA-17327,1
TA-17328,1
TA-17329,1
TA-17330,1
TA-17331,1
TA-17332,1
TA-17335,1
TA-17336,1
TA-17337,1
TA-17338,1
TA-17339,1
TA-17341,1
TA-17342,1
TA-17343,1
TA-17347,1
TA-17348,1
TA-17355,1
TA-17356,1
TA-17359,1
TA-17360,1
TA-17361,1
TA-17362,1
TA-17363,1
TA-17366,1
TA-17367,1
TA-17371,1
TA-17372,1
TA-17373,1
TA-17374,1
TA-17376,1
TA-17377,1
TA-17378,1
TA-17379,1
TA-17380,1
TA-17381,1
TA-17389,1
TA-17392,1
TA-17396,1
TA-17398,1
TA-17399,1
TA-17400,1
TA-17401,1
TA-17404,1
TA-17406,1
TA-17408,1
TA-17411,1
TA-17412,1
TA-17413,1
TA-17416,1
TA-17417,1
TA-17418,1
TA-17421,1
TA-17422,1
TA-17423,1
TA-17424,1
TA-17425,1
TA-17426,1
TA-17427,1
TA-17428,1
TA-17429,1
TA-17430,1
TA-17431,1
TA-17432,1
TA-17433,1
TA-17434,1
TA-17435,1
TA-17436,1
TA-17437,1
TA-17438,1
TA-17439,1
TA-17440,1
TA-17441,1
TA-17442,1
TA-17443,1
TA-17444,1
TA-17446,1
TA-17447,1
TA-17448,1
TA-17449,1
TA-17450,1
TA-17456,1
TA-17457,1
TA-17468,1
TA-17470,1
TA-17471,1
TA-17472,1
TA-17473,1
TA-17484,1
TA-17487,1
TA-17553,1
TA-17640,1
TA-17645,1
TA-17646,1
TA-17647,1
TA-17648,1
TA-17649,1
TA-17652,1
TA-17653,1
TA-17654,1
TA-17655,1
TA-17656,1
TA-17657,1
TA-17658,1
TA-17671,1
TA-17676,1
TA-17677,1
TA-17684,1
TA-17685,1
TA-17686,1
TA-17687,1
TA-17689,1
TA-17690,1
TA-17693,1
TA-17694,1
TA-17695,1
TA-17696,1
TA-17697,1
TA-17699,1
TA-17700,1
TA-17701,1
TA-17708,1
TA-17710,1
TA-17711,1
TA-17712,1
TA-17716,1
TA-17717,1
TA-17718,1
TA-17719,1
TA-17720,1
TA-17721,1
TA-17723,1
TA-17724,1
TA-17727,1
TA-17728,1
TA-17729,1
TA-17730,1
TA-17731,1
TA-17732,1
TA-17733,1
TA-17734,1
TA-17736,1
TA-17737,1
TA-17738,1
TA-17739,1
TA-17740,1
TA-17741,1
TA-17742,1
TA-17745,1
TA-17761,1
TA-17764,1
TA-17765,1
TA-17766,1
TA-17767,1
TA-17769,1
TA-17772,1
TA-17773,1
TA-17776,1
TA-17777,1
TA-17778,1
TA-17783,1
TA-17784,1
TA-17789,1
TA-17790,1
TA-17791,1
TA-17792,1
TA-17793,1
TA-17795,1
TA-17796,1
TA-17798,1
TA-17799,1
TA-17800,1
TA-17801,1
TA-17802,1
TA-17803,1
TA-17804,1
TA-17805,1
TA-17806,1
TA-17807,1
TA-17808,1
TA-17809,1
TA-17810,1
TA-17811,1
TA-17812,1
TA-17813,1
TA-17814,1
TA-17815,1
TA-17816,1
TA-17821,1
TA-17823,1
TA-17824,1
TA-17825,1
TA-17827,1
TA-17829,1
TA-17830,1
TA-17831,1
TA-17832,1
TA-17833,1
TA-17835,1
TA-17837,1
TA-17838,1
TA-17839,1
TA-17840,1
TA-17842,1
TA-17843,1
TA-17844,1
TA-17845,1
TA-17846,1
TA-17847,1
TA-17848,1
TA-17849,1
TA-17850,1
TA-17851,1
TA-17860,1
TA-17861,1
TA-17862,1
TA-17870,1
TA-17871,1
TA-17872,1
TA-17873,1
TA-17875,1
TA-17879,1
TA-17880,1
TA-17881,1
TA-17884,1
TA-17885,1
TA-17886,1
TA-17887,1
TA-17889,1
TA-17890,1
TA-17894,1
TA-17897,1
TA-17898,1
TA-17900,1
TA-17901,1
TA-17902,1
TA-17903,1
TA-17904,1
TA-17905,1
TA-17919,1
TA-17920,1
TA-17921,1
TA-17922,1
TA-17923,1
TA-17926,1
TA-17935,1
TA-17936,1
TA-17938,1
TA-17939,1
TA-17940,1
TA-17942,1
TA-17943,1
TA-17944,1
TA-17945,1
TA-17946,1
TA-17948,1
TA-17949,1
TA-17950,1
TA-17958,1
TA-17961,1
TA-17968,1
TA-17970,1
TA-17971,1
TA-17972,1
TA-17973,1
TA-17974,1
TA-17975,1
TA-17976,1
TA-17977,1
TA-17978,1
TA-17979,1
TA-17980,1
TA-17981,1
TA-17982,1
TA-17983,1
TA-17984,1
TA-17985,1
TA-17986,1
TA-17987,1
TA-17988,1
TA-17994,1
TA-17995,1
TA-17996,1
TA-17997,1
TA-17998,1
TA-17999,1
TA-18000,1
TA-18001,1
TA-18002,1
TA-18003,1
TA-18005,1
TA-18007,1
TA-18008,1
TA-18009,1
TA-18010,1
TA-18011,1
TA-18012,1
TA-18013,1
TA-18014,1
TA-18015,1
TA-18016,1
TA-18017,1
TA-18018,1
TA-18019,1
TA-18020,1
TA-18021,1
TA-18022,1
TA-18023,1
TA-18024,1
TA-18025,1
TA-18026,1
TA-18027,1
TA-18028,1
TA-18030,1
TA-18031,1
TA-18032,1
TA-18033,1
TA-18034,1
TA-18035,1
TA-18038,1
TA-18039,1
TA-18040,1
TA-18041,1
TA-18042,1
TA-18043,1
TA-18045,1
TA-18048,1
TA-18049,1
TA-18050,1
TA-18051,1
TA-18052,1
TA-18053,1
TA-18054,1
TA-18055,1
TA-18056,1
TA-18057,1
TA-18061,1
TA-18062,1
TA-18064,1
TA-18065,1
TA-18066,1
TA-18067,1
TA-18068,1
TA-18070,1
TA-18073,1
TA-18080,1
TA-18081,1
TA-18083,1
TA-18084,1
TA-18085,1
TA-18087,1
TA-18088,1
TA-18089,1
TA-18090,1
TA-18094,1
TA-18095,1
TA-18096,1
TA-18097,1
TA-18098,1
TA-18099,1
TA-18100,1
TA-18101,1
TA-18102,1
TA-18103,1
TA-18104,1
TA-18109,1
TA-18110,1
TA-18111,1
TA-18120,1
TA-18121,1
TA-18122,1
TA-18123,1
TA-18124,1
TA-18125,1
TA-18126,1
TA-18127,1
TA-18128,1
TA-18129,1
TA-18130,1
TA-18131,1
TA-18132,1
TA-18133,1
TA-18135,1
TA-18157,1
TA-18158,1
TA-18159,1
TA-18160,1
TA-18161,1
TA-18162,1
TA-18163,1
TA-18164,1
TA-18170,1
TA-18171,1
TA-18173,1
TA-18174,1
TA-18175,1
TA-18177,1
TA-18178,1
TA-18182,1
TA-18183,1
TA-18184,1
TA-18185,1
TA-18186,1
TA-18187,1
TA-18188,1
TA-18190,1
TA-18191,1
TA-18192,1
TA-18193,1
TA-18194,1
TA-18195,1
TA-18196,1
TA-18197,1
TA-18198,1
TA-18199,1
TA-18200,1
TA-18201,1
TA-18202,1
TA-18203,1
TA-18204,1
TA-18205,1
TA-18206,1
TA-18207,1
TA-18210,1
TA-18212,1
TA-18215,1
TA-18216,1
TA-18221,1
TA-18222,1
TA-18224,1
TA-18225,1
TA-18226,1
TA-18227,1
TA-18228,1
TA-18229,1
TA-18230,1
TA-18231,1
TA-18232,1
TA-18241,1
TA-18247,1
TA-18249,1
TA-18250,1
TA-18254,1
TA-18255,1
TA-18256,1
TA-18257,1
TA-18269,1
TA-18270,1
TA-18271,1
TA-18272,1
TA-18273,1
TA-18274,1
TA-18276,1
TA-18283,1
TA-18284,1
TA-18285,1
TA-18286,1
TA-18288,1
TA-18289,1
TA-18290,1
TA-18291,1
TA-18292,1
TA-18293,1
TA-18298,1
TA-18299,1
TA-18300,1
TA-18301,1
TA-18302,1
TA-18303,1
TA-18305,1
TA-18306,1
TA-18307,1
TA-18308,1
TA-18309,1
TA-18310,1
TA-18315,1
TA-18316,1
TA-18317,1
TA-18318,1
TA-18319,1
TA-18320,1
TA-18321,1
TA-18322,1
TA-18323,1
TA-18324,1
TA-18326,1
TA-18330,1
TA-18331,1
TA-18332,1
TA-18334,1
TA-18335,1
TA-18336,1
TA-18337,1
TA-18338,1
TA-18345,1
TA-18346,1
TA-18347,1
TA-18348,1
TA-18349,1
TA-18350,1
TA-18351,1
TA-18352,1
TA-18353,1
TA-18354,1
TA-18355,1
TA-18364,1
TA-18365,1
TA-18367,1
TA-18369,1
TA-18370,1
TA-18371,1
TA-18372,1
TA-18373,1
TA-18374,1
TA-18375,1
TA-18376,1
TA-18377,1
TA-18378,1
TA-18379,1
TA-18380,1
TA-18381,1
TA-18382,1
TA-18383,1
TA-18384,1
TA-18385,1
TA-18386,1
TA-18387,1
TA-18388,1
TA-18389,1
TA-18390,1
TA-18392,1
TA-18393,1
TA-18395,1
TA-18396,1
TA-18397,1
TA-18398,1
TA-18399,1
TA-18400,1
TA-18401,1
TA-18402,1
TA-18403,1
TA-18404,1
TA-18406,1
TA-18407,1
TA-18408,1
TA-18409,1
TA-18410,1
TA-18411,1
TA-18412,1
TA-18413,1
TA-18414,1
TA-18415,1
TA-18416,1
TA-18417,1
TA-18418,1
TA-18419,1
TA-18420,1
TA-18421,1
TA-18422,1
TA-18423,1
TA-18425,1
TA-18427,1
TA-18428,1
TA-18429,1
TA-18439,1
TA-18440,1
TA-18445,1
TA-18449,1
TA-18450,1
TA-18451,1
TA-18452,1
TA-18453,1
TA-18454,1
TA-18455,1
TA-18456,1
TA-18457,1
TA-18458,1
TA-18459,1
TA-18460,1
TA-18462,1
TA-18463,1
TA-18464,1
TA-18465,1
TA-18466,1
TA-18467,1
TA-18468,1
TA-18469,1
TA-18470,1
TA-18471,1
TA-18472,1
TA-18480,1
TA-18486,1
TA-18488,1
TA-18489,1
TA-18490,1
TA-18493,1
TA-18494,1
TA-18495,1
TA-18496,1
TA-18497,1
TA-18498,1
TA-18499,1
TA-18500,1
TA-18501,1
TA-18502,1
TA-18503,1
TA-18504,1
TA-18505,1
TA-18506,1
TA-18507,1
TA-18508,1
TA-18522,1
TA-18523,1
TA-18524,1
TA-18525,1
TA-18526,1
TA-18527,1
TA-18528,1
TA-18529,1
TA-18530,1
TA-18531,1
TA-18532,1
TA-18533,1
TA-18534,1
TA-18536,1
TA-18537,1
TA-18538,1
TA-18539,1
TA-18540,1
TA-18541,1
TA-18542,1
TA-18543,1
TA-18547,1
TA-18548,1
TA-18550,1
TA-18551,1
TA-18552,1
TA-18553,1
TA-18554,1
TA-18555,1
TA-18556,1
TA-18559,1
TA-18561,1
TA-18562,1
TA-18563,1
TA-18564,1
TA-18565,1
TA-18566,1
TA-18567,1
TA-18568,1
TA-18577,1
TA-18578,1
TA-18579,1
TA-18581,1
TA-18589,1
TA-18590,1
TA-18591,1
TA-18594,1
TA-18595,1
TA-18596,1
TA-18597,1
TA-18598,1
TA-18599,1
TA-18600,1
TA-18601,1
TA-18602,1
TA-18603,1
TA-18604,1
TA-18605,1
TA-18606,1
TA-18607,1
TA-18608,1
TA-18609,1
TA-18610,1
TA-18613,1
TA-18614,1
TA-18615,1
TA-18616,1
TA-18617,1
TA-18623,1
TA-18624,1
TA-18625,1
TA-18626,1
TA-18627,1
TA-18628,1
TA-18629,1
TA-18630,1
TA-18635,1
TA-18637,1
TA-18678,1
TA-18686,1
TA-18703,1
TA-18704,1
TA-18711,1
TA-18712,1
TA-18715,1
TA-18716,1
TA-18728,1
TA-18729,1
TA-18731,1
TA-18734,1
TA-18739,1
TA-18740,1
TA-18741,1
TA-18746,1
TA-18747,1
TA-18748,1
TA-18750,1
TA-18751,1
TA-18752,1
TA-18753,1
TA-18756,1
TA-18757,1
TA-18758,1
TA-18760,1
TA-18762,1
TA-18763,1
TA-18764,1
TA-18768,1
TA-18769,1
TA-18770,1
TA-18771,1
TA-18773,1
TA-18774,1
TA-18775,1
TA-18776,1
TA-18778,1
TA-18779,1
TA-18780,1
TA-18783,1
TA-18786,1
TA-18789,1
TA-18792,1
TA-18796,1
TA-18800,1
TA-18801,1
TA-18808,1
TA-18811,1
TA-18812,1
TA-18813,1
TA-18814,1
TA-18815,1
TA-18816,1
TA-18817,1
TA-18818,1
TA-18820,1
TA-18821,1
TA-18822,1
TA-18823,1
TA-18824,1
TA-18825,1
TA-18826,1
TA-18828,1
TA-18829,1
TA-18830,1
TA-18831,1
TA-18832,1
TA-18833,1
TA-18834,1
TA-18835,1
TA-18836,1
TA-18843,1
TA-18848,1
TA-18849,1
TA-18850,1
TA-18851,1
TA-18853,1
TA-18854,1
TA-18855,1
TA-18856,1
TA-18857,1
TA-18861,1
TA-18863,1
TA-18866,1
TA-18868,1
TA-18869,1
TA-18871,1
TA-18872,1
TA-18873,1
TA-18874,1
TA-18875,1
TA-18876,1
TA-18877,1
TA-18878,1
TA-18879,1
TA-18895,1
TA-18931,1
TA-18945,1
TA-18951,1
TA-18969,1
TA-18994,1
TA-18995,1
TA-19003,1
TA-19004,1
TA-19005,1
TA-19008,1
TA-19011,1
TA-19015,1
TA-19016,1
TA-19026,1
TA-19030,1
TA-19032,1
TA-19033,1
TA-19034,1
TA-19035,1
TA-19036,1
TA-19037,1
TA-19038,1
TA-19039,1
TA-19041,1
TA-19042,1
TA-19046,1
TA-19053,1
TA-19056,1
TA-19061,1
TA-19078,1
TA-19079,1
TA-19080,1
TA-19085,1
TA-19086,1
TA-19087,1
TA-19089,1
TA-19090,1
TA-19091,1
TA-19095,1
TA-19097,1
TA-19098,1
TA-19099,1
TA-19102,1
TA-19123,1
TA-19131,1
TA-19153,1
TA-19156,1
TA-19159,1
TA-19200,1
TA-19201,1
TA-19202,1
TA-19203,1
TA-19204,1
TA-19205,1
TA-19214,1
TA-19216,1
TA-19232,1
TA-19238,1
TA-19239,1
TA-19240,1
TA-19241,1
TA-19242,1
TA-19243,1
TA-19244,1
TA-19245,1
TA-19246,1
TA-19247,1
TA-19248,1
TA-19249,1
TA-19253,1
TA-19255,1
TA-19259,1
TA-19260,1
TA-19261,1
TA-19262,1
TA-19263,1
TA-19264,1
TA-19265,1
TA-19266,1
TA-19267,1
TA-19268,1
TA-19269,1
TA-19270,1
TA-19271,1
TA-19272,1
TA-19273,1
TA-19274,1
TA-19275,1
TA-19276,1
TA-19283,1
TA-19284,1
TA-19285,1
TA-19287,1
TA-19288,1
TA-19292,1
TA-19293,1
TA-19296,1
TA-19298,1
TA-19299,1
TA-19300,1
TA-19316,1
TA-19325,1
TA-19326,1
TA-19328,1
TA-19329,1
TA-19331,1
TA-19335,1
TA-19351,1
TA-19356,1
TA-19369,1
TA-19373,1
TA-19386,1
TA-19387,1
TA-19427,1
TA-19429,1
TA-19453,1
TA-19465,1
TA-19466,1
TA-19467,1
TA-19468,1
TA-19470,1
TA-19471,1
TA-19472,1
TA-19476,1
TA-19477,1
TA-19478,1
TA-19481,1
TA-19482,1
TA-19484,1
TA-19485,1
TA-19486,1
TA-19487,1
TA-19488,1
TA-19489,1
TA-19490,1
TA-19497,1
TA-19499,1
TA-19500,1
TA-19501,1
TA-19502,1
TA-19503,1
TA-19504,1
TA-19505,1
TA-19507,1
TA-19508,1
TA-19510,1
TA-19512,1
TA-19514,1
TA-19515,1
TA-19516,1
TA-19517,1
TA-19518,1
TA-19519,1
TA-19520,1
TA-19521,1
TA-19522,1
TA-19523,1
TA-19524,1
TA-19525,1
TA-19530,1
TA-19531,1
TA-19532,1
TA-19533,1
TA-19535,1
TA-19540,1
TA-19541,1
TA-19542,1
TA-19543,1
TA-19547,1
TA-19549,1
TA-19550,1
TA-19551,1
TA-19552,1
TA-19555,1
TA-19558,1
TA-19559,1
TA-19560,1
TA-19561,1
TA-19562,1
TA-19563,1
TA-19566,1
TA-19568,1
TA-19569,1
TA-19570,1
TA-19571,1
TA-19574,1
TA-19575,1
TA-19580,1
TA-19581,1
TA-19583,1
TA-19584,1
TA-19585,1
TA-19586,1
TA-19587,1
TA-19588,1
TA-19589,1
TA-19592,1
TA-19593,1
TA-19598,1
TA-19600,1
TA-19601,1
TA-19602,1
TA-19603,1
TA-19604,1
TA-19608,1
TA-19609,1
TA-19611,1
TA-19612,1
TA-19616,1
TA-19617,1
TA-19619,1
TA-19621,1
TA-19622,1
TA-19625,1
TA-19629,1
TA-19630,1
TA-19631,1
TA-19633,1
TA-19634,1
TA-19635,1
TA-19636,1
TA-19637,1
TA-19638,1
TA-19639,1
TA-19641,1
TA-19643,1
TA-19650,1
TA-19651,1
TA-19652,1
TA-19653,1
TA-19655,1
TA-19656,1
TA-19657,1
TA-19658,1
TA-19660,1
TA-19665,1
TA-19667,1
TA-19678,1
TA-19679,1
TA-19683,1
TA-19687,1
TA-19689,1
TA-19690,1
TA-19691,1
TA-19692,1
TA-19693,1
TA-19697,1
TA-19698,1
TA-19699,1
TA-19700,1
TA-19702,1
TA-19712,1
TA-19714,1
TA-19715,1
TA-19726,1
TA-19733,1
TA-19740,1
TA-19741,1
TA-19743,1
TA-19744,1
TA-19745,1
TA-19748,1
TA-19749,1
TA-19750,1
TA-19776,1
TA-19777,1
TA-19778,1
TA-19780,1
TA-19781,1
TA-19796,1
TA-19821,1
TA-19841,1
TA-19842,1
TA-19845,1
TA-19848,1
TA-19849,1
TA-19850,1
TA-19851,1
TA-19852,1
TA-19853,1
TA-19854,1
TA-19855,1
TA-19856,1
TA-19858,1
TA-19859,1
TA-19860,1
TA-19862,1
TA-19864,1
TA-19865,1
TA-19866,1
TA-19867,1
TA-19869,1
TA-19870,1
TA-19874,1
TA-19875,1
TA-19877,1
TA-19878,1
TA-19879,1
TA-19880,1
TA-19883,1
TA-19884,1
TA-19886,1
TA-19887,1
TA-19889,1
TA-19890,1
TA-19898,1
TA-19902,1
TA-19905,1
TA-19906,1
TA-19907,1
TA-19909,1
TA-19934,1
TA-19938,1
TA-19942,1
TA-19943,1
TA-19944,1
TA-19952,1
TA-19968,1
TA-19995,1
TA-20017,1
TA-20024,1
TA-20035,1
TA-20039,1
TA-20043,1
TA-20050,1
TA-20075,1
TA-20078,1
TA-20079,1
TA-20080,1
TA-20081,1
TA-20083,1
TA-20085,1
TA-20086,1
TA-20087,1
TA-20088,1
TA-20089,1
TA-20090,1
TA-20092,1
TA-20094,1
TA-20095,1
TA-20096,1
TA-20097,1
TA-20098,1
TA-20099,1
TA-20100,1
TA-20101,1
TA-20102,1
TA-20103,1
TA-20104,1
TA-20105,1
TA-20106,1
TA-20107,1
TA-20108,1
TA-20109,1
TA-20110,1
TA-20111,1
TA-20113,1
TA-20116,1
TA-20118,1
TA-20119,1
TA-20120,1
TA-20121,1
TA-20122,1
TA-20123,1
TA-20125,1
TA-20131,1
TA-20132,1
TA-20133,1
TA-20134,1
TA-20135,1
TA-20139,1
TA-20140,1
TA-20141,1
TA-20142,1
TA-20143,1
TA-20144,1
TA-20179,1
TA-20180,1
TA-20202,1
TA-20205,1
TA-20238,1
TA-20315,1
TA-20325,1
TA-20341,1
TA-20356,1
TA-20364,1
TA-20365,1
TA-20369,1
TA-20386,1
TA-20387,1
TA-20395,1
TA-20399,1
TA-20400,1
TA-20401,1
TA-20403,1
TA-20407,1
TA-20408,1
TA-20413,1
TA-20416,1
TA-20433,1
TA-20434,1
TA-20435,1
TA-20467,1
TA-20571,1
TA-20584,1
TA-20590,1
TA-20623,1
TA-20652,1
TA-20701,1
TA-20711,1
TA-20864,1
TA-20905,1
TA-20970,1
TA-20971,1
TA-20973,1
TA-21019,1
TA-21027,1
TA-21030,1
TA-21070,1
TA-21074,1
TA-21075,1
TA-21086,1
TA-21088,1
TA-21094,1
TA-21097,1
TA-21099,1
TA-21100,1
TA-21101,1
TA-21102,1
TA-21103,1
TA-21104,1
TA-21105,1
TA-21106,1
TA-21107,1
TA-21108,1
TA-21110,1
TA-21112,1
TA-21115,1
TA-21118,1
TA-21120,1
TA-21122,1
TA-21127,1
TA-21129,1
TA-21134,1
TA-21136,1
TA-21138,1
TA-21140,1
TA-21141,1
TA-21145,1
TA-21146,1
TA-21147,1
TA-21148,1
TA-21149,1
TA-21150,1
TA-21152,1
TA-21154,1
TA-21156,1
TA-21157,1
TA-21158,1
TA-21160,1
TA-21161,1
TA-21164,1
TA-21167,1
TA-21168,1
TA-21169,1
TA-21171,1
TA-21172,1
TA-21173,1
TA-21175,1
TA-21176,1
TA-21177,1
TA-21179,1
TA-21180,1
TA-21181,1
TA-21184,1
TA-21186,1
TA-21190,1
TA-21191,1
TA-21192,1
TA-21193,1
TA-21194,1
TA-21195,1
TA-21196,1
TA-21197,1
TA-21198,1
TA-21199,1
